Amount,FraudIndicator,TransactionAmount,AnomalyScore,Category,AccountBalance,SuspiciousFlag,Age,Hour,DayOfWeek,Month,DaysSinceLogin
55.53033442986919,0,79.41360746377397,0.6866994638180963,2,2869.689912,0,50,0,5,1,-587
12.881180192784145,0,12.053087153568082,0.0817488708011465,1,9527.947107,0,46,1,5,1,338
50.17632151706568,0,33.31035719105734,0.0238568301053087,4,9288.355525,0,34,2,5,1,-590
41.63400105303006,0,46.12111728963105,0.8769943477359176,4,5588.049942,0,33,3,5,1,-431
78.12285326574603,0,54.05161801340517,0.0340587726731107,2,7324.785332,0,18,4,5,1,-581
86.94708413376785,0,34.54513807247706,0.1211728992013775,0,3152.247787,0,45,5,5,1,161
51.1470964781812,0,55.383112817522296,0.1098916756547063,0,9253.478917,0,25,6,5,1,54
56.16398430834813,0,17.855877857196635,0.7805342072486868,4,8765.035861,0,27,7,5,1,-328
37.182411723100415,1,75.65994449829373,0.0104709053716154,3,8935.007146,0,20,8,5,1,18
17.245409041786953,0,67.93187884012292,0.0293762699375884,2,5541.197921,0,55,9,5,1,-209
86.18094790838266,0,23.89562271190145,0.0834553954788118,2,4344.549864,0,37,10,5,1,-59
95.55400891993546,0,17.797222024189402,0.4517349450635481,0,2670.113015,0,54,11,5,1,63
47.13851441157395,0,64.78165788186897,0.4448031201651125,2,2685.942365,0,47,12,5,1,44
98.80425008117196,0,43.691459478352925,0.9973396329012194,4,6735.159471,0,22,13,5,1,-335
99.83263446243002,0,35.45084414311964,0.8279264002423734,2,2685.942365,0,47,14,5,1,44
20.735039147246727,0,47.62737483292299,0.4559473695840319,2,1847.326392,0,46,15,5,1,-98
44.54511885107208,0,83.80043412877465,0.0786169688869532,2,7989.117483,0,39,16,5,1,-597
27.05493666999777,0,67.01973545243015,0.5328202953043202,4,9960.172528,0,57,17,5,1,-489
13.615519156393288,1,79.67952921186595,0.2520122859524184,0,8326.149989,0,58,18,5,1,-286
20.80228963510888,0,23.12632324762183,0.2791586079368224,4,9103.487494,0,57,19,5,1,-350
36.04360521851923,0,60.70535435436163,0.6759407120991201,4,8830.491513,0,32,20,5,1,-359
99.1004273987159,0,53.84670686845873,0.1242284781235212,1,7288.036638,0,52,21,5,1,248
85.4201781893225,0,15.579538194663694,0.1953263896357612,4,8486.464783,0,21,22,5,1,-248
84.05328458627297,0,13.386777836538998,0.6172898016719134,3,7833.796203,0,52,23,5,1,-278
50.258612452465634,0,98.4640558012606,0.2443530379310863,4,4384.800512,0,27,0,6,1,-423
52.593928648769634,0,95.19370554798026,0.4870702896864038,2,1820.938586,0,34,1,6,1,114
20.48932094343152,0,77.5092196540028,0.4227359977610908,2,9934.498597,0,34,2,6,1,-595
12.397442736592344,0,51.77113770450813,0.838064383449069,1,4845.969184,0,46,3,6,1,178
25.334803493141827,0,73.08040768249539,0.4633405713676668,2,4584.987688,0,23,4,6,1,244
70.07512697850342,0,83.8842181328395,0.6466000102947055,3,7288.036638,0,52,5,6,1,248
92.6193029775784,0,59.9638046074686,0.0286451504049212,0,2805.311996,0,25,6,6,1,-110
77.7269441692719,0,64.82555289198555,0.1139557066719609,1,8330.438296,0,60,7,6,1,-628
59.3509900357369,0,16.31638922256401,0.7904919847795615,2,3767.557888,0,54,8,6,1,335
61.34763595275774,0,74.89233384628318,0.496141397087933,3,3038.909607,0,22,9,6,1,249
60.47401632791208,0,63.48108383812917,0.0234248603939667,1,7624.565427,0,38,10,6,1,-311
42.20773347952953,0,55.0748944700021,0.1056184269218054,3,6742.168051,0,31,11,6,1,-182
71.26856791663724,0,15.85588970150042,0.1173613685668951,0,3545.727576,0,59,12,6,1,-162
46.214982406953474,0,35.25955889294103,0.682579996111541,3,2934.809838,0,28,13,6,1,278
14.63168948637222,0,53.30527210965001,0.9384845538305628,2,5655.630626,0,38,14,6,1,158
80.53777562959479,0,89.31329987617828,0.5326091267272046,2,5402.92085,0,62,15,6,1,327
47.874851353915766,0,13.156789554321756,0.3194777655854669,2,6631.372808,0,58,16,6,1,-435
85.10981610829299,0,39.31008128591371,0.2149458399121594,3,7685.510723,0,53,17,6,1,-145
55.81926585658818,0,62.40210028810944,0.5672705382841227,1,1693.073846,0,52,18,6,1,261
86.97191973785533,0,88.11638357233643,0.7663300041347579,0,4853.02438,0,42,19,6,1,-635
69.75758075212585,0,29.203181435601817,0.7076318867164036,1,3307.317156,1,51,20,6,1,-279
79.35791579481321,0,15.0314207539817,0.9923378496402676,1,8228.897853,0,38,21,6,1,127
72.74250983074938,0,64.0550437068745,0.531697063932589,0,6608.386988,0,33,22,6,1,-394
17.6405694778187,0,37.31484596425175,0.0322402678558125,4,8791.304689,0,63,23,6,1,-629
30.793728080558463,1,11.93959323128237,0.0061201141369274,2,6552.420255,0,46,0,0,1,-387
61.35297940106928,0,17.91599331862236,0.0447252918925693,1,9258.312698,0,57,1,0,1,-50
42.07616320785515,0,28.42012347274126,0.9181560081146742,3,5084.274001,0,22,2,0,1,321
90.81333790562653,0,95.91411492767848,0.0555455780239428,3,2897.001044,0,47,3,0,1,-9
42.08401695356378,0,44.00543975418234,0.5687201877502441,0,7264.807041,0,52,4,0,1,20
87.77609114158098,0,39.083675731208,0.1116274550577005,1,1308.381737,0,43,5,0,1,-315
62.13088122838467,0,79.91319162474862,0.6294201752731601,2,8236.476448,0,25,6,0,1,322
83.1517552203441,0,99.39547482554184,0.5047562252447003,3,3612.869038,0,21,7,0,1,-246
49.723786313021925,0,98.02129252071374,0.7124860792029184,4,1670.49309,0,23,8,0,1,-339
13.081741283544147,0,85.97846399845285,0.6232913655459015,0,9246.516979,0,59,9,0,1,-40
28.62756065487808,0,61.369965594477215,0.6889460878176792,0,7545.026043,0,55,10,0,1,204
82.91599923239106,0,56.39017672096056,0.7012128117494796,3,9996.991525,0,42,11,0,1,29
76.11459127700137,0,52.224587954587946,0.3817522806168361,4,8792.097099,0,36,12,0,1,-349
66.56159118369223,0,88.00863507425593,0.4478817547460879,4,4468.344079,0,45,13,0,1,-500
50.51711429707575,0,22.41233395120337,0.7690132128559298,2,4756.907985,0,32,14,0,1,-337
55.162744952494926,0,10.967550794864708,0.3391291866143247,1,7541.198869,0,56,15,0,1,-118
78.33451388591148,0,74.80049283184198,0.0951938957139624,2,3039.514205,0,21,16,0,1,226
51.4144879788989,0,16.34857049322759,0.1072906870387059,2,7794.946322,0,33,17,0,1,257
81.34788954135908,0,59.48591943885853,0.169625926112435,3,3507.492645,0,46,18,0,1,309
95.23140544260824,0,64.68870798615711,0.5467204678243731,2,4483.1563,0,29,19,0,1,-183
87.15831942631942,0,40.11881406202277,0.7132956071476505,3,3976.339147,0,40,20,0,1,-522
78.69681169305915,0,33.18694249951406,0.2189393885632597,2,2518.738874,0,27,21,0,1,-532
23.80623682022744,0,64.24073572319557,0.5521439297775538,1,5544.569289,0,48,22,0,1,211
57.31615922446038,1,53.91674221753586,0.1617728586912705,1,7665.93245,0,19,23,0,1,79
67.92604330939866,0,55.60426363765741,0.6860135687546838,4,7990.33562,0,34,0,1,1,216
16.26344880319616,0,95.54621197153052,0.957373586986144,4,5037.207239,0,50,1,1,1,207
13.42002255353782,0,25.73509604902587,0.7842947190605576,2,4152.721122,0,60,2,1,1,-241
42.76855554669151,0,92.0899205881348,0.4885878004048138,0,6987.997844,0,32,3,1,1,-57
41.21158341874049,0,66.15215047728688,0.2178905074792401,4,2957.760054,0,33,4,1,1,358
58.13859005804491,0,70.84820400902817,0.3941309112302433,2,3816.962495,0,47,5,1,1,-620
14.634664157422302,0,65.46874682566187,0.6085123427185402,1,3715.769255,0,31,6,1,1,-411
19.137591520992626,0,25.27309509866829,0.0255585901176547,3,5766.570781,0,54,7,1,1,206
29.83486576041774,0,54.43074953579532,0.2007991959678334,4,5703.04283,0,44,8,1,1,-128
38.43137755298227,0,89.92128590628081,0.084979207388952,1,9411.508717,0,29,9,1,1,43
18.110761868902294,0,70.5533611534697,0.0148769296562688,0,5275.945466,0,62,10,1,1,-366
22.97242859349798,0,11.760532784436789,0.8500908746590535,1,8278.713188,0,31,11,1,1,-511
22.45289288099517,0,47.90428072026375,0.8858380254109788,3,3434.612875,0,33,12,1,1,-555
70.51131966791718,0,30.12257414785566,0.6619170473823522,3,6741.429339,0,27,13,1,1,-253
78.55221406635722,0,59.06169368651467,0.7086399710261254,3,2873.839987,0,27,14,1,1,311
35.601241841950866,0,61.030450747630056,0.0365564379848128,4,9467.312251,0,37,15,1,1,-521
26.00722367933592,0,77.76328614592758,0.4402907533266011,3,4962.283527,0,64,16,1,1,294
85.36034193563887,0,49.16020343383616,0.0002337072005655,3,8710.760047,0,51,17,1,1,-610
48.09673926087099,0,70.28777110281193,0.5325805700018359,1,9885.267204,0,23,18,1,1,-361
29.03410939854033,0,33.838420642486625,0.1103865196909265,0,8804.517944,0,35,19,1,1,-70
98.14685940247114,0,49.22333118633592,0.190179868627074,4,7560.730129,0,43,20,1,1,-319
79.77488953148558,0,85.86740383135798,0.4604078745218216,4,5042.199848,0,22,21,1,1,88
50.39592040108388,1,72.2881408132906,0.6351498923024964,2,2077.514821,0,62,22,1,1,-463
98.5026858539832,0,26.196351691755417,0.495002454686524,3,2569.129234,0,41,23,1,1,-101
18.16684546592576,0,90.0778270615524,0.3040718787901955,2,5101.105372,0,46,0,2,1,-557
55.88720399193835,0,21.11119366756257,0.291574943975321,2,7149.964405,0,40,1,2,1,182
76.84342858021311,0,15.152685241543288,0.2419476642350824,1,9510.171444,0,35,2,2,1,-501
13.097222776355888,0,94.0073412618988,0.3374859941376362,2,2045.057996,0,20,3,2,1,-149
58.92390637798005,0,88.98436112503889,0.9603976293466876,0,9545.474869,0,34,4,2,1,342
61.65899469709107,0,97.48688179907796,0.2645800599183321,1,2706.148888,0,45,5,2,1,353
12.458635265316776,0,83.76810174234359,0.3332819881973068,3,7900.2424,0,37,6,2,1,-220
16.651042272403856,0,93.56933968320736,0.3398523619032424,4,6131.253863,0,18,7,2,1,-549
64.1798875377491,0,39.7071103789509,0.2223044794557515,2,8722.686489,0,20,8,2,1,-614
13.915099886609262,0,54.89026403662322,0.4215635124057515,4,2240.517799,0,38,9,2,1,-630
58.084975288492096,0,85.92834801769118,0.3664545518768669,1,8430.986519,0,53,10,2,1,6
96.8105858612092,0,64.58967531386853,0.8913273664664983,1,7085.442721,0,29,11,2,1,-244
48.737959254294935,0,66.51437179940578,0.7824277459451286,0,5588.049942,0,33,12,2,1,-431
44.24378825471623,0,57.44211218746886,0.0063315156706293,2,3046.120485,0,18,13,2,1,-320
22.586047991269297,0,10.625085325396435,0.6864802438144277,3,3454.648531,0,47,14,2,1,-596
40.47944601842122,0,21.310132757865613,0.290569092728993,2,1783.739009,0,19,15,2,1,-375
74.4439571243902,0,31.089658414406184,0.3787730482978894,1,4018.773274,0,47,16,2,1,-471
77.57986716270221,0,97.86479106596292,0.8384719464730573,4,7450.419004,0,47,17,2,1,245
40.63979180497972,0,20.93135754622178,0.8548717198256173,3,9319.481714,0,22,18,2,1,-476
62.921911545133966,0,84.66984069219563,0.4309100079096375,0,1111.772167,0,61,19,2,1,-565
43.7036374245612,0,75.34393386371227,0.8626867847533091,4,7025.452027,0,40,20,2,1,-58
56.60485656715164,0,31.029962233485527,0.9230146888184372,3,7192.646432,0,21,21,2,1,-210
17.72987462635209,1,19.527907375407104,0.8521427323660469,3,8473.630816,0,48,22,2,1,-415
68.83486745284134,0,82.48672259028618,0.0428071189562689,3,9728.588504,0,26,23,2,1,-529
32.34210737065556,0,95.08638384399995,0.7459715350697309,3,1883.486735,0,43,0,3,1,125
87.56655197793899,0,48.77567691066048,0.5893665589856495,3,4121.316625,0,33,1,3,1,198
70.83894725546456,1,76.92373657516502,0.269505804949578,2,8773.95694,1,63,2,3,1,35
26.529790933426444,0,52.738703327766736,0.4136975064344618,4,4631.532992,0,22,3,3,1,194
88.20456750327392,0,83.10764958693693,0.7920798620894777,3,3334.187888,0,44,4,3,1,-384
55.20289159939914,0,60.02616890446173,0.407731665515309,2,8363.065543,0,38,5,3,1,296
55.48555001123924,0,89.72536824864176,0.5470065298001408,2,6363.937936,0,31,6,3,1,-204
39.19964508295418,0,83.8883819694083,0.6487036898380295,0,1947.17342,0,37,7,3,1,-172
49.87286889896349,0,93.2420611636587,0.8657397106795307,0,6441.933113,0,56,8,3,1,-60
12.473355037269908,0,53.74615541333524,0.6067478301246536,2,2854.186623,0,21,9,3,1,-396
75.99253650342669,0,43.06404676353721,0.5439223502745882,2,8017.715824,0,35,10,3,1,-93
65.03159710701489,0,27.32178111362836,0.1944314454446276,0,7925.082131,0,27,11,3,1,-223
92.36972521780169,0,74.31939247105099,0.0507840812114911,3,5724.611458,0,19,12,3,1,-53
33.800957892074884,0,81.10453304374346,0.6752844762825353,0,4661.555926,0,31,13,3,1,66
14.56451519624522,0,51.28972617484501,0.3518120629599117,4,8603.321935,0,44,14,3,1,-457
70.85855068793218,0,76.33022876630817,0.6862647854532525,4,7273.982376,0,55,15,3,1,213
80.77316169978734,0,82.1851437672511,0.166292052708713,2,4096.117607,0,35,16,3,1,-302
39.8254029895631,0,68.07165652135744,0.107425555785323,1,4490.14401,0,44,17,3,1,-304
12.184601872547413,0,97.73176014092073,0.0653463606382471,1,4020.714312,0,30,18,3,1,196
36.9412542954954,0,44.4059707359975,0.7817590190058886,4,5541.197921,0,55,19,3,1,-209
61.41387641863861,0,46.56716357207259,0.671085348147031,3,3797.734536,0,37,20,3,1,346
74.95521382139967,0,50.497451261542906,0.5218400263257464,2,5179.000965,0,21,21,3,1,348
86.47644806653052,0,73.01484256366689,0.0083915576541542,1,7476.98918,0,52,22,3,1,215
44.586046124582026,0,70.58921223632976,0.2643047451700305,1,2934.809838,0,28,23,3,1,278
45.94470335816509,0,18.760393793572423,0.7695243691162444,1,4396.076926,0,39,0,4,1,236
86.17240478756997,0,33.87159912261558,0.0963849867089952,0,6737.496078,0,18,1,4,1,131
19.688496513147165,0,93.62801307167632,0.5907825622817242,4,9784.736554,0,57,2,4,1,253
79.52197137501955,0,78.51656294055846,0.5996910725465628,1,8979.728844,0,64,3,4,1,299
10.863844969173988,1,13.740115016215762,0.0769873880028959,4,6550.062414,0,29,4,4,1,-233
15.24013555293646,0,35.76256757704117,0.9827270365132578,2,7288.036638,0,52,5,4,1,248
46.265651867845264,0,91.20674786727866,0.6983944973107784,3,9253.478917,0,25,6,4,1,54
10.64214063364256,0,67.72998285604584,0.7864850345761688,4,9148.652759,0,25,7,4,1,-633
40.52631372440093,0,23.84789057823815,0.8608939744740778,1,7347.086687,0,34,8,4,1,242
55.74925986254664,0,23.19675309370517,0.0363253594047917,1,6405.360524,0,61,9,4,1,267
80.68702881549353,0,55.12309145953811,0.152484889271127,3,4018.773274,0,47,10,4,1,-471
58.78105340124304,0,92.42444949008308,0.195162305471047,3,7080.103439,0,27,11,4,1,239
93.21260497318085,0,60.54514510210061,0.7535838037722454,1,7588.282626,0,37,12,4,1,260
48.93431687421971,0,58.13885000694888,0.0013112357995281,0,5302.392311,0,44,13,4,1,-269
75.84896970201633,0,49.28997754079705,0.0686108170259279,2,1824.800521,0,35,14,4,1,-403
99.24329385724016,1,20.433902723174075,0.799903050684708,0,9084.791659,0,23,15,4,1,94
97.62385249068704,0,34.28799621000191,0.8128326048241296,4,4805.277796,0,35,16,4,1,-570
68.36222224178091,1,93.90980107812352,0.1303453119881498,3,9674.062164,0,36,17,4,1,-301
52.7405583765616,0,62.2966821251412,0.8961648984302398,1,1236.384946,0,20,18,4,1,-130
88.75728850172628,0,21.200385624323307,0.3292528457660703,2,4575.522471,0,46,19,4,1,-617
70.65807372432405,0,39.62416222970549,0.063965262052487,0,4843.290416,0,39,20,4,1,238
16.560396381973245,0,94.98701866123818,0.1729678782624287,4,3712.16591,0,19,21,4,1,-72
36.87248196812679,0,70.949036627234,0.9579481005143656,4,9855.674628,0,56,22,4,1,220
37.97774880715161,0,65.07165073329853,0.8398890363857324,1,4219.355106,0,31,23,4,1,-112
37.40762141397819,0,87.84367671643805,0.6381432315674004,2,7941.847202,0,25,0,5,1,-362
27.459895442013668,0,96.1462465106588,0.4297705660959885,2,2249.683841,1,49,1,5,1,0
16.468824479692067,0,91.1933076822215,0.4491231704158719,3,8704.182255,0,40,2,5,1,126
95.81318706963296,0,98.62431306543851,0.4188655842737862,4,6987.997844,0,32,3,5,1,-57
63.47667766306569,0,69.26898129140069,0.9566960542981932,1,6121.739351,0,50,4,5,1,276
97.0655205171012,1,38.39751063654201,0.7962993717062002,3,8827.782393,0,32,5,5,1,-42
13.592210306686386,0,72.0767151531791,0.3578208959090809,1,8198.178339,0,28,6,5,1,132
18.04295485910775,0,23.16580918170286,0.3581691063319129,1,8007.840813,0,37,7,5,1,-109
57.400809663920754,0,96.99742620925753,0.3663305510153918,2,4450.429069,0,42,8,5,1,306
91.89645670792092,0,75.17795368204465,0.4797418085390359,1,7604.035813,0,62,9,5,1,-231
67.30165835468443,0,71.27729966536388,0.8059953499461918,0,6631.372808,0,58,10,5,1,-435
79.45616782324659,0,73.50579664763814,0.4466950064139259,0,7288.036638,0,52,11,5,1,248
74.59376570121384,0,95.81512850727324,0.1480582852993029,2,4483.1563,0,29,12,5,1,-183
90.0500458660583,0,18.852697182192355,0.7304494846487675,4,2169.425935,0,60,13,5,1,281
71.65549550773102,0,13.294878186725366,0.966645463514096,1,7962.410275,0,36,14,5,1,-226
76.74484865313467,0,70.84194087334146,0.9345265989340056,3,6166.294346,0,60,15,5,1,258
30.73140745162662,0,29.797542175411586,0.8713778981354636,1,3495.32036,0,64,16,5,1,-84
13.94613717842646,0,10.976063792987292,0.0887224891439055,1,9255.451757,0,58,17,5,1,-632
86.27614397676666,0,30.62781389727033,0.3804867275873326,3,4886.010825,0,54,18,5,1,-460
39.15191297159039,0,86.27039905960704,0.5997076288705414,2,7085.442721,0,29,19,5,1,-244
63.75541221221678,0,90.69366945616191,0.0525841195764624,0,8557.608089,0,47,20,5,1,-74
13.936656978315106,0,97.45799845652886,0.1324130798457156,4,4998.111233,0,54,21,5,1,243
39.27911887178642,0,94.26044567659616,0.28161699231222,3,6808.655942,0,63,22,5,1,-177
61.29285089639624,0,65.20547785019431,0.0361401268487941,3,1795.328227,0,40,23,5,1,341
61.5850254830433,0,58.92672040602855,0.9644991055160976,0,8924.925317,0,24,0,6,1,-439
25.807626781009997,0,81.998406792034,0.1764083665963066,4,1417.691111,0,31,1,6,1,-29
60.1627950076116,0,46.79083873431522,0.829296851161239,0,7515.210695,0,46,2,6,1,-12
73.95115480743799,0,11.414754823886248,0.1556446845128487,4,2424.450317,0,21,3,6,1,-495
41.600666147750765,0,39.746571370799046,0.7831297143194322,3,4265.273573,0,55,4,6,1,343
77.50218977872183,0,69.42652625711786,0.4507371718071249,1,8662.854279,1,18,5,6,1,-234
60.700759795200256,1,74.8024137001501,0.3540911370424252,3,3183.466494,0,33,6,6,1,84
10.867087743046213,0,11.135024291276173,0.6543579686540659,1,4220.470749,0,60,7,6,1,-184
78.69908198812801,0,78.7926566816262,0.0924698674989543,2,5160.483332,0,32,8,6,1,128
13.562991257277996,0,73.35801855325286,0.8635439599431781,1,6631.372808,0,58,9,6,1,-435
61.40287558718099,0,19.79428898571563,0.6459808078950701,3,4121.316625,0,33,10,6,1,198
68.40522340995258,0,52.57391797925766,0.1032059291351714,1,4091.678054,0,22,11,6,1,-194
59.45638923887482,0,87.946838800399,0.7811165111485706,4,7695.154348,0,49,12,6,1,-399
94.570751399094,0,45.34907934754776,0.3867848646906189,4,6746.98879,0,45,13,6,1,241
81.56433192297125,0,49.02599806311397,0.2741100007272282,2,8403.773667,1,27,14,6,1,270
58.42056072628485,0,76.7891524120786,0.3144079950434221,4,5729.012454,0,24,15,6,1,-325
48.04486290773334,0,57.25912840477829,0.2883373503010789,0,8430.986519,0,53,16,6,1,6
27.51230202452078,0,21.239305903956133,0.3227980839253159,2,8091.736702,0,58,17,6,1,339
67.03130270994141,0,79.3765145476943,0.970049124736776,1,7604.035813,0,62,18,6,1,-231
78.56207411278741,1,52.47637817645349,0.8581859979634036,2,5745.088291,0,22,19,6,1,-141
81.95667521729543,0,75.32893871990358,0.4463273030715393,0,7649.649301,0,23,20,6,1,146
66.22278769805163,0,76.76865855547618,0.1168631146102391,4,7085.442721,0,29,21,6,1,-244
43.288425940630695,0,87.13835924679432,0.2473200050082087,1,4384.800512,0,27,22,6,1,-423
91.44727683785102,0,33.346974587766816,0.0498583601810919,3,4674.919671,0,48,23,6,1,45
98.68616371418082,0,79.684500917319,0.4855999522759509,4,7405.683379,0,40,0,0,1,171
84.03821814533373,0,21.68077849155916,0.0865758331665561,1,2137.201057,1,31,1,0,1,-22
26.705903742573543,0,78.78591569653737,0.8576199416102118,1,4206.19949,0,58,2,0,1,-16
95.66715462171436,0,66.7376965174679,0.3073939306775677,1,9545.474869,0,34,3,0,1,342
53.84797949558436,0,47.443041935154895,0.210648526054667,0,5713.487344,0,33,4,0,1,73
67.7566473614084,0,17.36876575850654,0.0590292986848037,1,2262.489052,0,53,5,0,1,-191
68.86554660517089,0,56.889921501141245,0.0177160412981203,4,5058.355133,0,31,6,0,1,-251
32.334368575520536,0,22.120892689336657,0.681498050466276,3,1384.666674,0,46,7,0,1,-281
87.0159324540077,0,41.46857357472534,0.9854105185705414,0,3302.010949,1,33,8,0,1,-313
34.528113601375296,0,13.871281828809789,0.7622048594652203,0,2394.859954,0,48,9,0,1,-585
72.13258352324524,1,29.67925462704473,0.9392161655993088,4,2240.517799,0,38,10,0,1,-630
55.797695917609126,0,10.9730234023345,0.1883338580116202,1,2989.819267,0,46,11,0,1,-127
26.44706544020341,0,94.0622960105692,0.2589414407353841,2,4381.287524,1,32,12,0,1,-30
99.7192337077914,0,51.6073040765863,0.9585613328123336,0,4718.536567,0,18,13,0,1,-538
39.30443808666833,0,70.86813431740313,0.4745197026132388,1,9760.428571,0,54,14,0,1,-77
48.95945026618623,0,14.748967417508124,0.3279132217069292,2,4020.714312,0,30,15,0,1,196
98.73461898413122,0,62.37409427812566,0.0452476378006632,1,1238.122719,0,38,16,0,1,-402
69.33327246195044,0,35.94577240035858,0.8934789871384754,2,6722.285664,0,37,17,0,1,144
65.34894374447977,0,56.4273949545298,0.9122973990642969,3,7475.015619,0,61,18,0,1,-441
69.82507207727988,0,33.87630498125569,0.4038264321080043,3,7376.854107,0,57,19,0,1,-634
46.17260059157836,0,23.30991586673956,0.8944399270078037,1,5745.088291,0,22,20,0,1,-141
55.20400597044325,0,25.29149584461545,0.0897404131770416,3,1795.328227,0,40,21,0,1,341
53.97929249001216,0,52.565828289984246,0.3351857633051895,3,8430.986519,0,53,22,0,1,6
45.00641711892598,1,77.85459460480482,0.5722681836455746,1,5096.276615,0,59,23,0,1,-527
27.18554242606038,0,59.1248358630428,0.2720936802463285,2,9443.195845,0,22,0,1,1,-465
25.420517132167863,0,69.93087011641819,0.5157654931543152,1,7872.506549,0,37,1,1,1,-150
48.2529491789015,0,92.35937017351696,0.1344724121321731,0,6915.090133,0,47,2,1,1,-114
38.65841154384127,0,24.898259397715726,0.1745842508047409,4,1617.125777,0,55,3,1,1,-33
66.64627231049542,0,65.35616715581493,0.2188798757268968,4,2524.244091,0,63,4,1,1,-483
67.64191353460876,0,99.04387605443804,0.2187786756626317,1,1848.98564,0,43,5,1,1,-512
95.63285443399356,0,64.90209134121136,0.7866977743196337,3,2295.865935,0,44,6,1,1,-600
81.69004135988487,0,90.59198940509926,0.0065898600587622,2,5626.572877,0,48,7,1,1,-291
60.724694915321855,0,52.49254177338928,0.0271173542793712,1,8645.383186,0,59,8,1,1,185
60.55808100557361,0,21.65134654738703,0.8702311777696006,3,8723.861427,0,46,9,1,1,121
38.533109535613626,0,78.56612335127426,0.6493666203166822,3,6284.739666,0,56,10,1,1,-41
39.64193470676073,0,80.25449380538134,0.7074811593133916,0,6282.241817,0,52,11,1,1,-181
52.32859080638063,0,15.053521973225672,0.5105081670860443,4,1538.03304,0,41,12,1,1,49
61.157045133672426,0,96.62137605981933,0.281707456377549,3,1824.800521,0,35,13,1,1,-403
74.41673714777123,0,92.88343588588074,0.8142113446109935,2,4754.880202,0,42,14,1,1,-618
16.70607949337328,0,96.46532589209308,0.7633935853704387,3,3046.120485,0,18,15,1,1,-320
23.740319049622585,0,71.3379670683811,0.5556280311853758,0,7268.82735,0,37,16,1,1,-76
72.19579593152234,0,64.84821624051361,0.4558990958760039,4,7777.442049,0,62,17,1,1,167
63.92237414443909,0,79.51078292588622,0.275612962520994,2,7417.757201,0,63,18,1,1,-625
32.121734238901404,0,35.66109499785723,0.3485183802706245,1,9608.404562,0,45,19,1,1,-528
61.32263139109206,0,34.53383406995822,0.9916263388452976,0,9927.157719,0,35,20,1,1,-193
54.47433021499057,0,18.327174054357272,0.387238274676982,3,2240.517799,0,38,21,1,1,-630
27.336940402644966,0,11.86341116322519,0.2175426414356537,0,5185.762082,0,62,22,1,1,112
31.305825185224148,0,26.5734715248705,0.2022063741775694,0,3227.699686,0,39,23,1,1,-90
41.54205962794481,0,29.782455750319624,0.4933083192807312,0,5179.000965,0,21,0,2,1,348
32.85924468136734,0,59.42213532077228,0.6120335137046751,4,3238.184097,0,47,1,2,1,-28
71.23473259275752,0,10.317806918915364,0.3276545412729026,0,9510.171444,0,35,2,2,1,-501
26.619459510326152,0,84.3166959270708,0.8640972249158761,3,6991.289067,0,55,3,2,1,-68
56.27958729651075,0,36.15552839616184,0.74077886236982,4,7030.677982,0,18,4,2,1,136
79.5393640180564,0,27.51526729487366,0.6077520024600808,4,1656.961894,0,50,5,2,1,-421
36.75441407266821,1,10.83104719865872,0.6208991111145831,2,5930.219714,1,36,6,2,1,-67
58.17973707615728,1,30.82326807262543,0.0443423904348095,4,2462.046546,0,51,7,2,1,-579
28.303899974374268,0,20.01826492292852,0.4031613295818237,2,7327.564,0,64,8,2,1,-147
35.92410077105648,0,59.425774167905104,0.9507628829289666,4,3903.794554,0,45,9,2,1,11
78.3127071416263,0,49.11928354400872,0.7328517217427827,1,4025.340053,0,31,10,2,1,-508
35.05265258366971,0,27.226847422488543,0.783449780337816,4,9246.516979,0,59,11,2,1,-40
70.79730570531635,0,41.09922893712948,0.4185392602509085,3,8961.011692,0,57,12,2,1,-593
61.10932034404943,0,62.47164634932084,0.6520016060332727,2,9608.404562,0,45,13,2,1,-528
56.754616986193845,0,87.47329707970232,0.6129715935210693,0,8720.210863,0,53,14,2,1,-170
16.219860051456457,0,31.214831319840613,0.7701598012954176,3,6685.598454,0,32,15,2,1,14
10.802412944130907,0,61.90352457018726,0.7173568735458106,0,2524.244091,0,63,16,2,1,-483
66.57002449606415,0,96.57198893334257,0.5867595351398335,4,9938.922919,0,43,17,2,1,-197
26.133992196232175,0,37.99213522725594,0.5621896468421762,3,3402.333161,0,28,18,2,1,-452
17.31735492821924,0,51.99564188670163,0.7037667679921972,2,7708.879304,0,54,19,2,1,-284
75.32446317385762,0,61.43609226237128,0.2649763500619336,3,9012.48065,0,33,20,2,1,-140
30.768477767337625,0,14.523521313976882,0.119439939441808,4,6238.20632,0,47,21,2,1,-148
57.45622413714661,0,33.91358309691065,0.5873764896528769,2,4470.138106,0,36,22,2,1,-239
73.3032970491333,0,78.97968795996621,0.8256869130953508,1,6552.817253,0,39,23,2,1,-607
96.23321419600772,1,51.13891597355007,0.7572829171552454,0,4115.718544,0,48,0,3,1,200
77.3046654263469,0,69.59584396696133,0.9199520465471112,4,7732.131278,0,33,1,3,1,-232
62.77388544748326,0,66.20543512364335,0.8946864965778659,3,9035.12333,0,30,2,3,1,-97
56.5503597491276,0,58.01664841377381,0.3964009869235997,3,4878.871298,0,58,3,3,1,-347
91.37503293179564,0,79.28311196441244,0.2961903751706429,4,2924.235911,0,62,4,3,1,265
35.15145130726461,0,16.92260058654751,0.4012329535232043,2,5359.74781,0,32,5,3,1,356
34.5208597441328,0,22.65471379806029,0.7979050029185851,0,6847.490921,1,36,6,3,1,-405
95.32857784875084,0,12.048607534897886,0.6879926520485328,4,3302.010949,1,33,7,3,1,-313
51.40358574104649,0,82.52626114093874,0.7405518810727442,3,5323.113544,0,18,8,3,1,-588
20.66255752728149,0,67.96649542030532,0.3585527610416317,3,8704.182255,0,40,9,3,1,126
53.65543294021365,0,87.3613393910834,0.2610608466124333,4,9411.508717,0,29,10,3,1,43
46.2432624020462,0,55.29097105603493,0.4914997821568332,2,6383.377145,0,29,11,3,1,-575
42.303801913906405,0,97.05791341411005,0.0525274265761928,3,8791.304689,0,63,12,3,1,-629
98.06620816132504,0,25.14389827717285,0.1267893006667646,1,3712.16591,0,19,13,3,1,-72
61.98793644916741,0,51.243510294736616,0.6907669459308304,4,7871.385911,0,49,14,3,1,230
15.083582510759244,0,50.70585723009551,0.8317042766387782,3,4025.340053,0,31,15,3,1,-508
79.21418526693257,0,44.03294777488758,0.3718737635846537,0,8198.178339,0,28,16,3,1,132
14.325618955526988,0,18.86049746956485,0.1315993992700281,3,7244.499732,0,50,17,3,1,-336
74.04598056616143,0,13.478672536399934,0.2694494353927176,4,4900.652704,0,37,18,3,1,-27
13.775391834001596,0,74.97224620949478,0.7677320347425342,1,2410.574677,0,45,19,3,1,-103
20.773444943242666,0,18.097908364235465,0.1150802937910266,0,6608.386988,0,33,20,3,1,-394
76.94851055777721,0,83.10914211490532,0.0838056407330528,2,4624.660779,0,23,21,3,1,60
27.453116490888377,0,81.94669264544623,0.0069695841114257,4,9121.230251,0,38,22,3,1,305
61.47768761043001,0,18.370412411716973,0.2859944269610791,3,7585.899378,0,62,23,3,1,-192
68.64043640103054,0,71.94075357934904,0.5813751838547687,1,8479.723197,1,60,0,4,1,208
39.75178064381655,0,84.89408519676891,0.3179432536869019,2,8884.809637,0,60,1,4,1,-603
84.98269506569027,0,26.085561852185347,0.7364416334829819,4,1776.632987,0,45,2,4,1,-190
29.291555935495328,0,65.299832246262,0.781144516158459,2,9784.736554,0,57,3,4,1,253
22.18984231519618,0,64.93988674382405,0.8705355626587007,1,5713.487344,0,33,4,4,1,73
64.22877239230128,0,45.88273508416468,0.6173716445774726,3,5760.887631,0,36,5,4,1,19
23.85431432932064,0,42.37126163650664,0.8085710538493318,0,4396.076926,0,39,6,4,1,236
85.9983524413847,0,16.026934488711962,0.8848376456935328,2,4718.536567,0,18,7,4,1,-538
57.86994336632967,0,54.92016403904978,0.9389942798388944,0,1689.971098,0,32,8,4,1,287
88.09696867382264,0,75.78919810722196,0.3085432272629526,3,4756.907985,0,32,9,4,1,-337
10.047488390659712,0,87.5490045213581,0.6342225001600693,1,2569.129234,0,41,10,4,1,-101
24.83845006368293,0,36.01745612017183,0.8321666241180627,3,3712.16591,0,19,11,4,1,-72
47.84508341466206,0,49.45731634253127,0.7269899136620447,1,9728.453507,0,31,12,4,1,-418
14.615120532256274,0,94.55363187178202,0.3551479335481227,0,8553.037244,0,35,13,4,1,-330
60.68884239418577,0,12.067869544491092,0.5369987811207021,2,3476.682579,0,26,14,4,1,193
61.232174778009686,0,24.06076457273275,0.6319375532388383,0,5158.860497,0,22,15,4,1,-582
93.37250431864632,0,59.29937764417035,0.9565005520133336,0,4190.332237,0,63,16,4,1,279
95.76692181306092,1,47.67133353601729,0.0665114211885339,0,7853.487314,0,23,17,4,1,90
61.88904454076027,0,34.97478548680935,0.7919936977724671,2,4754.221573,0,58,18,4,1,-292
70.86740450604661,1,28.35578214518485,0.2217574129478223,4,4741.807019,0,18,19,4,1,-259
70.95760928948519,1,70.81285453080936,0.0127601291087956,2,8202.526504,0,29,20,4,1,-364
47.59519154883488,0,51.916807419107215,0.9480732830039864,2,2446.898958,0,40,21,4,1,65
84.74839337828455,0,94.06588628576188,0.4041609764191658,1,9253.478917,0,25,22,4,1,54
64.2996060597047,0,64.06478658704091,0.7985862568880285,3,8295.281558,0,60,23,4,1,85
59.06558827131725,0,53.56586867960771,0.148080122369467,2,5923.741951,0,50,0,5,1,307
59.40095528433461,0,21.958819772538543,0.0749136948288784,4,8830.491513,0,32,1,5,1,-359
26.18399976018048,0,81.11241003559783,0.3973709630787997,4,1555.740254,0,36,2,5,1,298
69.1723428057365,0,55.87043537190193,0.4931273104496825,2,1779.986718,0,53,3,5,1,-73
60.74497628008697,0,48.30064943325625,0.701630082157656,0,3163.58835,0,29,4,5,1,-166
60.98699494097934,0,10.143338817560196,0.0533305034619242,3,8825.817319,0,47,5,5,1,-467
99.61607032247228,0,39.32528732599576,0.8573620194529876,2,2896.257873,0,40,6,5,1,-17
84.49928399139073,0,45.51139833022316,0.3375587054538276,2,1696.877884,0,19,7,5,1,-69
37.87307960365036,0,38.54509215572581,0.8582937624628676,0,3930.467975,0,23,8,5,1,-75
38.69316720496097,0,75.64047375168997,0.6594189574982317,0,8479.723197,1,60,9,5,1,208
45.02844839488476,0,55.28799945162703,0.982233144189468,2,4443.037377,0,62,10,5,1,37
66.4761842492444,0,76.78513201977871,0.1976974189811654,1,1547.054576,0,57,11,5,1,-592
74.41312191791293,0,54.42464188670317,0.1012959291600077,1,2042.692352,0,50,12,5,1,332
43.45501371682296,0,81.38910741573,0.1252676286090109,1,9447.919781,0,28,13,5,1,-250
28.343420494036856,0,76.11121319258898,0.6250968090329804,0,7665.93245,0,19,14,5,1,79
70.0043034747928,0,70.42955478894876,0.1457623571613654,0,7273.982376,0,55,15,5,1,213
89.08776661986285,0,49.05614324658684,0.0345541173441893,2,4843.333769,0,52,16,5,1,228
66.08579500983927,0,24.820314458083818,0.6253730433627112,4,5493.960539,0,20,17,5,1,189
76.34999350541855,0,70.79176647757191,0.5964349376833589,3,3183.466494,0,33,18,5,1,84
60.30707463914428,0,32.22567447496344,0.2471082532989105,1,4384.800512,0,27,19,5,1,-423
33.61255713368315,0,50.06525560315955,0.2007972409097866,4,8077.878412,0,49,20,5,1,317
41.6707105414218,0,50.13305863195163,0.1206256230589088,0,2392.922412,0,56,21,5,1,292
47.12640903265764,0,46.65509369277571,0.2317961719565775,4,2067.485108,0,47,22,5,1,-207
41.70586082062327,0,16.47168996025796,0.2031701732377904,1,6025.002661,0,23,23,5,1,101
42.32811860407804,0,76.53717232554115,0.3558289373794184,4,2546.725196,0,50,0,6,1,-499
71.7368591339746,0,30.772897574209527,0.5059911088157398,0,6040.584197,0,47,1,6,1,80
72.73147248409899,0,40.85281886146893,0.4523257975361026,1,3812.531832,0,40,2,6,1,-237
61.1365320200304,1,78.34675383654434,0.8304072019778352,4,4344.549864,0,37,3,6,1,-59
40.658978551453465,0,81.51690624537433,0.2389827192029654,4,6807.184598,0,42,4,6,1,151
38.31991504407297,0,80.29202973692207,0.6574015327292173,2,8191.359573,0,39,5,6,1,-317
67.84335713396852,0,66.11186189624263,0.8735608699390411,4,7409.497597,0,54,6,6,1,-412
39.31159079569777,0,24.225467946636424,0.8904604827989656,1,5815.458024,0,48,7,6,1,93
70.5201057693231,0,20.702028708496577,0.9141230022181618,1,6728.011183,0,37,8,6,1,-62
81.39167697229831,0,91.15475103388754,0.1124166383578301,2,5766.570781,0,54,9,6,1,206
41.02830654379494,0,50.12328348996043,0.8685587035542267,2,7374.113944,0,53,10,6,1,26
63.45304123221416,0,66.69191083460314,0.1378371338847532,2,3104.726106,0,56,11,6,1,-490
71.95418453277574,0,77.0163722859036,0.5466640066642461,2,4886.010825,0,54,12,6,1,-460
74.94314154163287,0,88.1879998273516,0.5092080013671066,4,1188.952992,0,21,13,6,1,-602
29.137192085767744,0,49.654678943224354,0.4006211268586439,3,6131.253863,0,18,14,6,1,-549
30.412437389916438,0,13.28764210371413,0.4110693200572858,0,9253.478917,0,25,15,6,1,54
94.34946872070527,0,79.80653967411521,0.6580933392057444,1,9375.112085,0,21,16,6,1,-51
25.562897726593995,0,43.597486396286506,0.3731622790520421,0,4726.937231,0,40,17,6,1,-221
95.69370268467728,0,50.65348135200409,0.5256057278248182,1,2076.807796,0,26,18,6,1,-117
35.73345140902997,0,20.487632435112,0.6095947677499761,2,8314.951074,0,60,19,6,1,-35
60.52724778740764,0,29.464748047988685,0.8882806622102359,1,7695.154348,0,49,20,6,1,-399
16.55367815863712,0,78.81163469564767,0.4077261993297481,0,9060.932373,0,35,21,6,1,-32
27.254337830091647,0,47.17712118879283,0.3316617184053101,2,7025.452027,0,40,22,6,1,-58
31.80425218452422,0,96.6389149336172,0.3798793049355229,2,8658.737447,0,41,23,6,1,-151
55.76476528750271,0,49.53962600618495,0.6710949995552724,1,8645.383186,0,59,0,0,1,185
72.91097613446743,0,77.12273560023978,0.2029273666653296,0,8128.690436,0,36,1,0,1,-385
71.02737815902991,0,98.86850261177064,0.3369032333058752,3,4018.773274,0,47,2,0,1,-471
25.85006970131933,0,75.98942995326075,0.4087914562083208,4,6991.289067,0,55,3,0,1,-68
94.52284775775556,0,34.18003279084542,0.3017852440059573,4,2989.523514,0,60,4,0,1,-280
71.88748429042212,0,93.19802228295498,0.7009297040106874,2,7794.946322,0,33,5,0,1,257
60.77755146349649,0,39.08024183730484,0.6472340686647303,0,7118.115328,0,49,6,0,1,-288
83.56995599613906,0,93.74254728773693,0.758218468358575,1,2240.517799,0,38,7,0,1,-630
36.838900427625575,0,85.51239290310919,0.5825710700212284,3,8955.19541,0,39,8,0,1,303
30.505413673611777,0,29.309316594422505,0.3111348930426981,0,6791.878056,0,23,9,0,1,-437
15.699212220552296,0,21.95823269228834,0.0051582175451717,2,3437.697057,0,22,10,0,1,-358
97.54709538756718,0,54.49466257076344,0.8742499637987547,0,4750.725055,0,23,11,0,1,219
28.914617957341772,0,90.38738784904037,0.8473010398309025,0,7476.98918,0,52,12,0,1,215
40.36412587140183,0,35.656275622613975,0.4686762984940886,1,8723.861427,0,46,13,0,1,121
71.44717321901103,0,53.71305743046974,0.7783585841491674,3,9618.239693,0,59,14,0,1,-442
94.81678805829148,0,12.078964200398689,0.6492773003309911,4,7264.807041,0,52,15,0,1,20
73.49337233388856,0,11.86989716253304,0.1610102850641417,1,7984.455062,0,34,16,0,1,-175
60.43128926324833,0,64.46677075330743,0.868924936481251,2,4061.519364,0,42,17,0,1,-344
23.412394540837305,0,85.03298823557836,0.1298690814728298,3,7450.419004,0,47,18,0,1,245
60.60671051232616,0,73.9220435199139,0.3912918746212878,4,8451.465531,0,40,19,0,1,221
83.55191142615169,0,54.94551194013814,0.4430814702677387,2,4571.53944,0,29,20,0,1,-213
16.358985768519588,0,37.19806891189177,0.4128823199735548,1,4726.937231,0,40,21,0,1,-221
28.04993891463165,0,46.3097495781524,0.3427835466170711,1,1418.305006,0,26,22,0,1,-578
83.24582001706487,0,93.33582376428096,0.93154552891716,0,3066.436107,0,40,23,0,1,-612
12.826814822817395,1,34.311791443000004,0.5852580309755736,3,5002.071362,0,51,0,1,1,-352
25.0084947085094,0,84.20239258527035,0.1611616254570316,2,3431.939718,0,49,1,1,1,15
98.3970945564576,0,61.27777287808618,0.5144737947345454,0,9391.394448,0,62,2,1,1,-165
86.78591683383922,0,94.17463250759084,0.5284648108863889,2,6484.647812,0,28,3,1,1,-449
98.50040705533956,0,98.81986154027904,0.01410023789981,3,8321.692176,0,64,4,1,1,157
69.88048811693454,0,98.46506212715911,0.0304469389906831,4,6807.184598,0,42,5,1,1,151
58.78615442613221,0,28.157020764165203,0.3647035788076702,2,4839.488862,0,36,6,1,1,-539
76.9300755910293,0,55.21552027104936,0.828533445058327,0,6852.231768,0,56,7,1,1,-510
84.73217509479606,0,10.057863646142923,0.6274631866940125,0,7269.756044,0,26,8,1,1,-115
14.19155734948768,0,76.2766117703057,0.6267284710613488,2,7308.697302,0,39,9,1,1,83
41.354180924006975,0,66.2294875840379,0.1949825658110274,3,8085.065245,0,63,10,1,1,256
79.33627628450796,0,38.9607820625247,0.0069085722737294,3,9631.517578,0,62,11,1,1,61
26.24046796545926,0,59.356758088435065,0.1718558466600286,4,8161.50984,0,47,12,1,1,-541
66.95973903298082,0,70.78871654649292,0.0094157837887031,4,8922.535957,0,63,13,1,1,147
17.825253318757426,0,82.32764565165749,0.9615069742223832,2,1087.073831,0,24,14,1,1,-408
65.62243454329231,0,89.1055138692098,0.3375821275380801,3,9674.062164,0,36,15,1,1,-301
52.91248936316756,0,33.55701585109611,0.5195159613350959,1,2877.527131,0,30,16,1,1,-343
54.95473462280644,0,17.4792547126216,0.5636475976544718,1,1815.834407,0,61,17,1,1,-24
57.04065911383756,0,92.36977334658442,0.221038682624785,4,8091.736702,0,58,18,1,1,339
11.567143945631798,0,20.79480941546964,0.6339060442714397,0,3955.560716,0,51,19,1,1,72
50.4900697444044,0,79.88756388926207,0.3775572655238359,2,1512.263353,0,19,20,1,1,-153
26.73357583443433,0,77.48594613374806,0.0969676580796811,3,4121.316625,0,33,21,1,1,198
70.34986000122497,0,56.42352713106991,0.668503877155413,1,6676.135299,1,57,22,1,1,-348
82.1111607613807,0,15.163433260690956,0.044166624020332,3,6552.817253,0,39,23,1,1,-607
26.719047821992245,0,66.28975654227833,0.2401035523725546,3,2478.834299,0,23,0,2,1,152
31.736387333577436,0,60.814902227196114,0.974277996904349,1,9122.32624,0,24,1,2,1,-206
23.73086258823552,0,57.753818183479325,0.4812591323208441,2,9467.312251,0,37,2,2,1,-521
44.49934478211936,0,88.25312681234051,0.7285287577126686,4,6506.933648,0,44,3,2,1,-293
20.32425877023761,0,13.179436933907718,0.8830880059666149,3,4698.084284,0,61,4,2,1,210
38.41693891133238,1,79.49662316110677,0.6005404852186255,0,8351.891277,0,24,5,2,1,175
90.96302095740636,0,35.00140428242311,0.5237677146618158,0,8351.891277,0,24,6,2,1,175
86.5937053715803,0,87.64706513485294,0.281835867113636,0,5113.282347,0,26,7,2,1,190
59.292725283190485,0,94.52720429262942,0.8726630093340163,1,5745.127919,0,53,8,2,1,-11
92.38660636515849,0,91.34460458205795,0.386953239126781,2,8773.95694,1,63,9,2,1,35
48.00091682800642,0,97.04398304186093,0.338016679808673,0,2727.830525,0,28,10,2,1,347
76.41250123375404,0,35.906013786922166,0.8195610642467348,3,7327.564,0,64,11,2,1,-147
12.79231871756009,0,55.91742368489551,0.2337893882020584,3,1670.49309,0,23,12,2,1,-339
21.93791661410581,0,86.8363757086116,0.3686420002198971,2,4450.429069,0,42,13,2,1,306
73.16714728850143,0,33.6914080147524,0.7210381867523538,1,4084.721807,0,28,14,2,1,-243
62.874333971672,0,59.631169460802525,0.0469248431029969,1,1883.486735,0,43,15,2,1,125
12.95472549914229,0,68.98309529639025,0.8766561963606543,3,7039.274836,0,51,16,2,1,7
11.167088142720043,0,85.08506109754073,0.5258094625332785,2,3101.509134,0,30,17,2,1,361
76.89786951844191,0,55.72748196444231,0.8466362648355847,0,6370.257414,0,35,18,2,1,-537
63.342656568436645,0,52.93669296798137,0.7841076684132207,1,1770.747189,0,45,19,2,1,-410
62.90008313642736,0,52.4160660929501,0.9348507665803928,2,9151.596944,0,44,20,2,1,-562
82.94038053812939,0,63.639157092267126,0.8019799729662566,3,5672.324719,0,32,21,2,1,110
58.10792253138713,0,17.641142317760245,0.9338780219683108,0,4559.447921,0,21,22,2,1,-462
10.58886273242011,0,13.352825271576574,0.0314172736699124,3,5413.974091,0,60,23,2,1,174
73.61390202453833,0,47.84000801700508,0.071081058330728,1,1773.808506,0,50,0,3,1,99
35.290104499573374,0,12.811154127567958,0.931140005866545,3,1656.961894,0,50,1,3,1,-421
40.22710518557125,0,60.05883679842616,0.3161546261299969,4,1795.328227,0,40,2,3,1,341
83.69207703681916,0,23.3046139889796,0.4147382952388698,3,1735.145764,0,30,3,3,1,-52
27.578224851691395,0,57.62801474687827,0.4154593404725986,0,9408.482074,0,63,4,3,1,82
53.23106554463996,0,44.4946875885166,0.2487087567939133,0,9035.12333,0,30,5,3,1,-97
44.86059945676822,0,71.39490628695674,0.2480703985398326,0,2341.710682,0,34,6,3,1,-258
15.721131427539593,0,55.76670588526584,0.2239728305610212,4,9447.919781,0,28,7,3,1,-250
96.77041059859228,0,58.74144774641283,0.7598616632848315,3,6215.27275,0,31,8,3,1,-123
88.22726088325255,0,77.05180171622311,0.4376424171959825,0,8451.465531,0,40,9,3,1,221
39.62535994411866,0,13.272450742726177,0.8107127683094543,2,8722.686489,0,20,10,3,1,-614
91.1696888971712,0,96.0326567388867,0.3267347500625877,3,8303.773585,0,21,11,3,1,357
62.87616987614589,0,44.707442062607065,0.772037324050903,4,5271.417003,0,43,12,3,1,-132
47.28406366967809,0,91.2480973104991,0.953843575921074,0,4756.907985,0,32,13,3,1,-337
57.86820257846373,0,49.03884567172364,0.1589909742837219,4,6165.705182,0,22,14,3,1,-331
19.423373683323028,0,26.20528237108092,0.8002727183113773,4,7004.948613,0,43,15,3,1,-604
54.46741969722593,0,53.3480982900664,0.8069519363247476,0,9618.239693,0,59,16,3,1,-442
47.2247769165285,0,42.845963719216265,0.2191924442418531,0,6746.98879,0,45,17,3,1,241
64.7020765138534,0,87.58507248999499,0.3483601080693872,2,9262.12494,0,45,18,3,1,-547
54.66513489536387,0,75.82077035751816,0.1169527989236673,1,3432.046286,0,51,19,3,1,50
93.94593260347892,0,24.96992408493694,0.0714675533163863,4,9999.776239,0,45,20,3,1,8
69.7694462534096,0,73.92469444366051,0.4035191003752475,0,3527.228703,0,21,21,3,1,-486
40.104020200685696,0,98.07924918264038,0.61037694535367,0,3143.931406,0,52,22,3,1,163
60.89811247736398,0,76.64636022941446,0.5808139778976218,1,7732.401837,0,41,23,3,1,-469
44.37900942452836,0,48.91908225486959,0.4932231842612283,1,2462.046546,0,51,0,4,1,-579
70.04776805143774,0,98.51810619237244,0.7061402300427333,0,8400.252361,1,35,1,4,1,-208
36.97154016926994,0,75.55592369606184,0.5215151917824524,3,1418.305006,0,26,2,4,1,-578
12.787029418188828,0,18.228977090203863,0.5399504949598766,4,7649.649301,0,23,3,4,1,146
58.70630745788713,0,43.9710792610713,0.0431398897688446,2,8213.344891,0,20,4,4,1,142
45.96479075728064,0,76.34450065125682,0.2820832692179645,0,3905.923034,0,52,5,4,1,-388
22.088313163352225,0,99.78432334104625,0.7338489096162989,2,5295.868006,0,23,6,4,1,-334
95.79803309772218,0,30.08067570009432,0.1961923594031581,4,6507.032237,0,35,7,4,1,-497
19.07706730811892,0,23.859270314003528,0.8006561489414211,0,3525.504348,0,18,8,4,1,168
61.482473424574415,0,34.818813933039934,0.6757477268047949,2,5729.012454,0,24,9,4,1,-325
69.91745393115764,0,16.834526209015557,0.3515756114166093,2,5655.630626,0,38,10,4,1,158
17.903935219000818,0,29.26918585734194,0.7727275538583714,4,4998.111233,0,54,11,4,1,243
22.27135442311328,0,59.67109549021307,0.4942559626588434,2,2802.599689,0,43,12,4,1,-261
21.08546901703194,0,52.54831730003369,0.4786464276361842,4,6474.825825,0,26,13,4,1,-566
32.92013195873318,0,80.31494214920204,0.1591698486560371,2,8272.536632,0,48,14,4,1,22
38.411192485188,0,72.22326538432765,0.8041714286503358,4,7080.103439,0,27,15,4,1,239
69.39748498852232,0,19.18059204736145,0.3302037132127945,4,9246.516979,0,59,16,4,1,-40
65.61696394010804,0,56.83343011703311,0.199885053475984,1,8573.123086,0,41,17,4,1,-222
25.40830020808809,0,60.60527992897917,0.2560597429293317,4,4961.926429,0,31,18,4,1,89
67.29044394590485,0,21.63628002156784,0.093706877838776,0,7268.82735,0,37,19,4,1,-76
91.6907402268582,0,80.56381315391081,0.3759062247125273,4,6741.429339,0,27,20,4,1,-253
77.4561808153056,0,87.96458747932651,0.9545849819219668,3,8149.305816,0,21,21,4,1,-119
45.158314001601454,0,72.76321184049728,0.6785648733531388,1,2152.99219,0,50,22,4,1,-290
93.49535668273188,0,10.905845947871857,0.5714744224253233,2,4450.39007,0,18,23,4,1,340
53.931161018025975,0,41.78574540544385,0.485176949493743,4,8336.538201,0,48,0,5,1,-429
81.71166645699894,0,88.89654527087248,0.5391930404729627,2,5483.470359,0,60,1,5,1,70
59.46381398714095,0,77.98288716478888,0.7511914943522533,4,9992.495729,0,33,2,5,1,-376
14.139387559786153,0,91.6641527939692,0.2106717023337655,1,1773.808506,0,50,3,5,1,99
61.48081498804065,0,55.99920313978915,0.6863024647194603,2,9402.340679,0,55,4,5,1,-235
56.79197048335646,0,23.45026384021462,0.9059701878428492,2,4886.010825,0,54,5,5,1,-460
54.78567418688587,0,29.485434421487906,0.2556055258502914,2,9301.241151,0,27,6,5,1,191
23.521178993762483,0,42.08658989934876,0.358194862777846,4,7699.460321,0,28,7,5,1,-427
57.82044734885588,0,64.97010131569849,0.6472169153955154,0,8486.464783,0,21,8,5,1,-248
47.31206587825806,0,21.796197745089465,0.6932420142873471,4,9938.922919,0,43,9,5,1,-197
25.03864028565554,0,45.52564850769525,0.8925939828354749,0,7502.562161,0,47,10,5,1,100
19.74409229922852,0,74.36791474172722,0.3343613352889214,4,6839.033502,0,55,11,5,1,5
63.14752710370071,0,19.508543963332247,0.173290010578529,3,7927.594272,0,44,12,5,1,9
77.02315549089194,0,58.71501977905394,0.6302915926782255,2,8130.737893,0,20,13,5,1,13
42.6041988042216,1,49.41620363376524,0.3250686913417957,2,6865.652981,0,59,14,5,1,-332
98.59494640028537,0,45.505085906455086,0.6238651273078697,1,7921.752971,0,57,15,5,1,315
29.32097037446717,0,72.13402240525451,0.5216001080391224,0,4470.138106,0,36,16,5,1,-239
26.18436652741295,0,65.68261892111595,0.933887483919026,0,4084.721807,0,28,17,5,1,-243
10.933045904656083,0,77.91709089903293,0.1649689650904061,2,3354.518349,0,61,18,5,1,47
53.8004241417046,0,66.31709715541066,0.2524872978016569,3,4370.431522,0,37,19,5,1,-138
28.32936501855892,0,51.65768770234823,0.4390107433850064,4,8467.122623,0,37,20,5,1,336
76.27368428978873,0,45.90027099168569,0.143270469987192,0,7224.63212,0,38,21,5,1,313
39.82600629262846,0,99.16801168992616,0.2726297489815542,2,7980.849544,0,32,22,5,1,254
70.00810139898996,0,75.62932808638742,0.7471238062986284,4,2342.87435,0,48,23,5,1,-136
89.71731744470446,0,29.501643167539346,0.6645510965352156,0,2077.514821,0,62,0,6,1,-463
27.25454050385736,0,32.12537893165401,0.3017661210442771,1,1631.060796,0,63,1,6,1,134
42.27816571071364,0,67.39074019819041,0.3309947313543306,3,7710.801195,0,51,2,6,1,-613
57.13668560793148,0,28.47403121032192,0.4691574673531847,2,8472.420333,0,34,3,6,1,-131
81.49987554510696,0,36.28961236138732,0.5016200072084841,0,2866.80121,0,33,4,6,1,-264
49.1099285143028,0,21.968376497985467,0.264070039171332,2,4219.355106,0,31,5,6,1,-112
42.02200366989237,0,76.87093769792966,0.2721990921548431,1,6441.933113,0,56,6,6,1,-60
80.51907113899962,0,97.24429792666592,0.9182304981561936,0,2223.166958,0,29,7,6,1,-472
95.2233254396807,0,44.07973869795079,0.4595266917617078,2,1418.001228,0,46,8,6,1,-589
77.11603142702253,0,28.86185266819369,0.191402885678013,0,4750.725055,0,23,9,6,1,219
59.58695557387782,0,80.17991437866195,0.1822368184383684,0,7962.410275,0,36,10,6,1,-226
44.12676518046912,0,22.02946182203776,0.5851802736554172,1,7695.154348,0,49,11,6,1,-399
69.23669463993528,0,80.31781130411882,0.4805409002380162,2,7685.510723,0,53,12,6,1,-145
44.09464247346977,0,77.2385186191252,0.5685122195832132,0,2896.257873,0,40,13,6,1,-17
99.7753583900932,0,49.85472624403858,0.8320117134465028,4,8557.608089,0,47,14,6,1,-74
52.99118399043776,0,20.295347919606144,0.4768124088601617,3,9288.355525,0,34,15,6,1,-590
68.36571539188091,0,46.78951927456144,0.8104288293091033,2,8612.857297,0,22,16,6,1,349
12.301068214462283,0,71.10757833788674,0.827116638876693,4,5363.917913,0,29,17,6,1,-95
98.64640220462732,0,14.024762382450913,0.3061671106089534,0,2392.922412,0,56,18,6,1,292
85.31413995164209,0,76.1251576888117,0.4135308269157837,3,6484.647812,0,28,19,6,1,-449
21.032649355713,1,25.07008358563905,0.3586166662378,0,6435.390885,0,34,20,6,1,-295
82.00373953388333,0,31.6140354559968,0.9527556188400648,0,3152.247787,0,45,21,6,1,161
82.16413416183838,0,64.56228438413495,0.7647580142112145,0,2518.738874,0,27,22,6,1,-532
30.561099365798057,0,42.93345792371143,0.8539408620605459,3,4878.415267,0,64,23,6,1,105
52.69894800838486,1,35.565541733174896,0.2890093311778844,0,4994.358138,1,39,0,0,1,-142
66.54225115991392,0,22.58265333635443,0.2028945147901161,3,6254.404271,0,61,1,0,1,246
66.48799723490322,0,14.597041829893008,0.1450040052616865,1,4082.516866,0,28,2,0,1,224
74.17323414002594,0,55.25302445396565,0.2638992188683519,3,8603.321935,0,44,3,0,1,-457
66.24446927138561,0,58.845687841143416,0.7081166726390359,0,8449.539576,0,31,4,0,1,58
18.424787046927303,0,57.22281084326793,0.065989495975014,0,5493.960539,0,20,5,0,1,189
96.40709405350066,0,98.8018167083342,0.0003129210023212,0,5302.392311,0,44,6,0,1,-269
37.37105363161972,0,63.46213451883141,0.2511722043323737,0,9393.910943,0,31,7,0,1,76
57.89155841423759,0,49.08960789819064,0.3653544010626799,2,3340.637586,0,41,8,0,1,-558
65.14444373979248,0,80.73234232826634,0.2611520209387087,2,7721.503342,0,47,9,0,1,-303
50.9463446687639,0,28.1947094530454,0.7625315087868267,3,6497.372203,0,42,10,0,1,-367
90.15169745639956,0,28.08181245957889,0.2527998087414366,1,9674.062164,0,36,11,0,1,-301
49.695996077348,0,71.22961283863575,0.689377718975578,0,4741.807019,0,18,12,0,1,-259
71.98504539358078,0,12.947838155574916,0.4503954900089659,2,1656.961894,0,50,13,0,1,-421
39.17632975406391,0,12.481657914339143,0.0544760907055447,3,3797.734536,0,37,14,0,1,346
50.82386517906335,0,65.99753207862302,0.8192144188445474,1,7710.801195,0,51,15,0,1,-613
85.30076766804406,0,73.61284284094162,0.108578431973914,0,2152.99219,0,50,16,0,1,-290
80.89642698729558,0,45.70892854469648,0.7705794406270359,4,6025.002661,0,23,17,0,1,101
55.69524903185309,0,23.20161468546752,0.707336006974676,4,8466.092665,0,51,18,0,1,-122
88.50391549409335,0,23.830703133369354,0.6157921144429012,1,7649.649301,0,23,19,0,1,146
75.88625236108902,0,60.08855743019992,0.4324468689113392,4,7398.457249,0,28,20,0,1,263
35.17601923028805,0,95.82571214849716,0.1710115790912348,1,4309.686015,0,24,21,0,1,-434
62.98349325215778,0,90.20980446696748,0.2413802893802608,3,4843.333769,0,52,22,0,1,228
97.0455292967774,0,73.46425263287489,0.6122810354811906,0,8801.922036,0,58,23,0,1,240
76.76312543775113,0,86.65348344932752,0.0305014318747617,2,4620.924284,0,30,0,1,1,314
62.16550879121196,0,77.29106098329157,0.4535346052163812,4,5840.971695,0,40,1,1,1,97
28.500072838813903,0,34.84523603737763,0.925580638429988,4,3608.806986,0,36,2,1,1,-517
39.91796998566471,0,27.27425252534787,0.7285583233202351,1,3532.245916,0,35,3,1,1,-386
84.49886009864518,0,27.776210631878016,0.6151318749918973,4,9517.546957,0,34,4,1,1,-404
78.29820914461888,0,66.42840133897653,0.8943598440260031,1,1767.822691,0,30,5,1,1,-488
79.20261479658105,0,66.98557249521411,0.6783994733870634,1,5611.751691,0,21,6,1,1,-257
50.31919078514007,0,70.96202152646335,0.7143370523798596,1,2730.96017,0,19,7,1,1,-47
18.479134277595005,0,96.86197649100174,0.2951400443856831,1,9381.145219,0,37,8,1,1,329
55.648967645299344,0,75.70566038140832,0.8958436085336823,4,5714.503201,0,30,9,1,1,-300
72.41360119397154,0,79.87859224113026,0.3281384083244372,0,4661.555926,0,31,10,1,1,66
74.32146924411033,0,63.01423970331876,0.6108114169536368,2,6685.598454,0,32,11,1,1,14
25.97962923980079,0,97.12673921424852,0.4570518240336341,4,6439.742318,0,57,12,1,1,269
70.54331536441717,0,68.27403800691818,0.7297890965313768,0,4661.555926,0,31,13,1,1,66
82.50807121975488,0,18.78711993666675,0.9740997104770862,4,6381.958128,0,19,14,1,1,-2
57.87803871732218,0,73.96965272229485,0.043564933200842,3,3432.046286,0,51,15,1,1,50
27.87987923354001,0,33.885862957067665,0.9895083933199876,2,3163.58835,0,29,16,1,1,-166
22.01321045011379,0,10.143274797457426,0.1232781302446439,2,5588.049942,0,33,17,1,1,-431
14.71386198547468,0,89.72475793223832,0.6844904001802953,2,7309.477444,0,43,18,1,1,25
44.32303083127752,0,86.91609663853549,0.3896075179244328,4,9772.83232,0,29,19,1,1,-608
93.92398331455088,0,24.23981157268908,0.0033134615369962,0,2802.599689,0,43,20,1,1,-261
13.912774695481485,0,72.91096186749405,0.909676443687015,3,9927.157719,0,35,21,1,1,-193
81.80865066013159,0,82.85202509457709,0.6614929579114033,2,5405.766914,0,46,22,1,1,360
49.6812699232487,0,60.49814143710503,0.4684326166652233,0,7685.510723,0,53,23,1,1,-145
74.02517524763373,0,83.12195363634069,0.0187944115062532,3,8921.442888,0,33,0,2,1,-200
71.2219055244872,0,28.88706840673035,0.3261839931966841,3,8400.252361,1,35,1,2,1,-208
45.39753678823229,0,64.63368175495438,0.6413030905263242,4,6089.047769,0,47,2,2,1,-326
68.30467542833836,0,94.80117505157018,0.2655540349578368,4,5493.960539,0,20,3,2,1,189
30.699545031070528,0,80.11902469129403,0.8398100954746966,2,5964.380701,0,26,4,2,1,-105
55.29436013469146,0,36.05423423201009,0.7108090523094975,1,9301.241151,0,27,5,2,1,191
58.881829218778016,1,49.12298790567034,0.5489740627530201,1,9393.910943,0,31,6,2,1,76
26.436080264307773,0,85.80333328900018,0.9860397382767035,0,2653.251468,0,42,7,2,1,-390
90.48071057199276,1,71.4622660268702,0.2494273555152583,1,4552.105269,0,47,8,2,1,233
90.60563652231846,0,90.01981973137339,0.5122600501751468,2,8704.182255,0,40,9,2,1,126
88.34186423374305,1,35.53622466237405,0.6463709162458597,0,9262.12494,0,45,10,2,1,-547
36.90222620760606,0,61.05825497080078,0.8067575236349557,4,2560.12038,0,18,11,2,1,-49
16.182846568927204,0,33.42063794967267,0.2607989175769328,2,6847.490921,1,36,12,2,1,-405
11.564836282866452,0,30.22084017540379,0.291309745415711,0,6463.307957,0,54,13,2,1,-274
14.560537509054024,0,59.31212836896322,0.2283551215387463,1,8236.476448,0,25,14,2,1,322
40.83608859104079,0,10.230726644705085,0.8181341312113436,1,9347.479356,0,24,15,2,1,-480
10.980455323300587,0,97.42511636370944,0.5704239074602406,0,9713.657683,0,26,16,2,1,-456
68.16151267115706,0,39.02570619957358,0.1065930291717927,3,1150.295949,0,53,17,2,1,-230
51.20871487556867,0,96.44332488760357,0.3011369182862841,0,1401.272583,0,51,18,2,1,-321
30.79084603660721,0,66.39535273910974,0.6045326052833953,3,1828.702205,0,57,19,2,1,-536
30.65272139730061,0,36.53461967573059,0.3731841554485576,2,3039.514205,0,21,20,2,1,226
77.36867757108365,0,32.674715832902635,0.6589019215745976,0,6284.739666,0,56,21,2,1,-41
75.26230757258354,0,99.0951514498993,0.8405061748157093,0,3967.076794,0,54,22,2,1,-365
91.4805744361771,0,13.859496373981589,0.6731950403866196,4,5160.483332,0,32,23,2,1,128
55.15725947347897,0,93.4853268222084,0.1469607039043922,3,2203.57628,1,38,0,3,1,-393
25.5487291410875,0,62.08117630253874,0.3398546091264148,3,4335.814032,0,36,1,3,1,-20
96.58421668519038,0,99.13454677927696,0.1142094134989581,1,3583.382688,0,21,2,3,1,102
28.21936015497701,0,58.85787926940827,0.9482805982293544,2,9279.108538,0,52,3,3,1,-371
81.21645066050094,0,85.23285274883663,0.3857983422705521,4,2802.599689,0,43,4,3,1,-261
52.32636056805466,0,95.74381607726508,0.1405323146968852,4,9447.729498,0,18,5,3,1,-34
42.32786546597519,0,56.75233728488749,0.2274199087290001,1,4843.333769,0,52,6,3,1,228
79.37134605324061,0,50.69065748740078,0.6431756677050152,1,1437.942753,0,23,7,3,1,-247
11.705082409397097,0,71.57334690739006,0.5219771425792494,0,6650.956372,0,35,8,3,1,62
93.76508796403708,0,20.781627414979045,0.2784227728971279,1,4468.344079,0,45,9,3,1,-500
83.14607235416698,0,55.8338310145598,0.589710102116919,2,6232.21166,0,59,10,3,1,218
81.49217872125034,0,48.97803758936727,0.8601626136563015,0,6737.496078,0,18,11,3,1,131
27.77692981290428,0,18.289408193294182,0.203641573116925,2,3017.781836,0,28,12,3,1,-104
99.87930230728328,0,92.94283383592844,0.181264582042527,0,9316.953576,0,39,13,3,1,155
62.42142695281371,0,93.2593712796568,0.9170468484179688,2,6791.878056,0,23,14,3,1,-437
87.31040281854852,0,43.53731819032919,0.4171108474171109,0,4018.773274,0,47,15,3,1,-471
30.9802390482118,0,46.04417197679019,0.9615520952201028,4,1715.321989,0,40,16,3,1,362
79.32819585918911,0,45.25970332313416,0.7288229515947116,0,7580.464855,0,38,17,3,1,288
61.06243509196435,0,27.72996607250687,0.3880430424603808,3,6089.047769,0,47,18,3,1,-326
73.44126228893867,0,80.15488067358145,0.7891194333920231,2,6507.01784,0,39,19,3,1,56
67.27985921251647,0,40.902286825448925,0.027235597018043,3,9561.5106,0,34,20,3,1,78
54.797029357519904,0,77.273254801297,0.6948161597871271,4,4886.010825,0,54,21,3,1,-460
25.04495445157386,0,49.86299155902689,0.668355416992461,1,6865.652981,0,59,22,3,1,-332
75.84935112303506,0,15.899838874729555,0.3746956579985752,2,3055.413021,0,20,23,3,1,-540
85.17938662507261,0,13.865181883980757,0.9825403046230244,2,6381.958128,0,19,0,4,1,-2
62.48034582066848,0,88.29484785761717,0.4326278724535232,3,1767.822691,0,30,1,4,1,-488
28.508000375078176,0,58.87925925236743,0.8780403094266206,1,6741.429339,0,27,2,4,1,-253
52.44516410974352,0,53.1674967961514,0.7511501521170622,3,6370.257414,0,35,3,4,1,-537
49.48630478596331,0,73.60458837164549,0.0926045563854857,1,8361.020819,0,58,4,4,1,-196
91.06378341479328,0,91.20817696178769,0.2841589979193659,4,6721.217429,0,59,5,4,1,-543
72.21970365622698,0,68.54113685689364,0.0766758506966002,2,7545.026043,0,55,6,4,1,204
68.50324359070589,0,30.29437716848944,0.4291410808335154,2,6741.429339,0,27,7,4,1,-253
70.9884772362866,0,98.11179383531716,0.5805274746602067,3,4726.937231,0,40,8,4,1,-221
84.6029052697291,1,86.59049844808884,0.6129812936163486,1,1111.772167,0,61,9,4,1,-565
42.8212846728405,0,50.19969174952963,0.3707223197853899,2,4878.871298,0,58,10,4,1,-347
86.18244074893154,0,65.52107415673018,0.4484428384534927,0,7156.87092,0,37,11,4,1,86
74.49932887587424,0,35.4812928789938,0.8209095503258214,3,1153.123295,0,62,12,4,1,-561
92.69624970525254,0,91.52325525262846,0.5164229509412711,1,8723.861427,0,46,13,4,1,121
21.063195513748365,0,31.491738779754545,0.4102350545758898,1,9405.638537,0,38,14,4,1,-154
14.717379319580264,0,32.16165399351621,0.0218876930498577,0,4741.192769,0,26,15,4,1,149
91.57863524928663,0,95.6124260120948,0.5808554659660252,2,3789.361177,0,57,16,4,1,223
28.592261597177508,0,73.65937158408009,0.0439978247073687,4,5741.223579,0,27,17,4,1,-572
77.68854755312054,0,85.15330771817007,0.3270062223699993,1,4961.926429,0,31,18,4,1,89
55.96345624776244,0,73.26826676500303,0.8385706769386877,1,4555.71189,0,46,19,4,1,165
64.79659280908365,0,70.54560828705364,0.3129603006925582,2,2465.964878,0,41,20,4,1,262
81.03229268303691,0,41.42561418394956,0.9252659345991734,4,1671.710028,0,47,21,4,1,-287
67.69160248140025,1,57.25464612607646,0.9664564303355848,0,5628.777106,0,30,22,4,1,-329
95.16789027153231,1,52.4156957708245,0.1566255925977654,1,3527.228703,0,21,23,4,1,-486
88.37478319965568,0,50.54702732963176,0.3863908869511046,0,5745.127919,0,53,0,5,1,-11
27.158338607648744,0,50.89156219103233,0.1794181179526001,4,4698.084284,0,61,1,5,1,210
34.24003152150763,0,76.00299890939365,0.953421536116326,2,4344.549864,0,37,2,5,1,-59
26.700167800701976,0,86.20317958871541,0.7995937913277578,0,9411.508717,0,29,3,5,1,43
24.59553861404803,0,55.46845280732904,0.6902555385723351,0,3264.953505,0,61,4,5,1,-374
32.42837607397003,0,48.027628453611385,0.6459366434271587,4,6298.296096,0,29,5,5,1,164
11.082269823873848,0,19.61528753813701,0.0065631527029174,1,1362.037375,0,18,6,5,1,-368
53.53627805243175,0,54.73207773925194,0.625338780561458,4,7251.703804,0,55,7,5,1,-606
62.5699492545116,0,56.06897511209881,0.4885207042563046,1,9318.92957,0,24,8,5,1,-65
42.62522075665218,0,86.25398542610918,0.4238835075766975,1,3214.341695,0,63,9,5,1,217
20.31636361219111,0,86.38215289710472,0.9799561378025208,3,7118.115328,0,49,10,5,1,-288
64.2593447764263,0,51.15278993537599,0.5772522876144537,0,5964.380701,0,26,11,5,1,-105
94.33750212155311,0,19.37208875923612,0.97119521067362,4,3227.699686,0,39,12,5,1,-90
62.52802725584856,0,39.93259736096016,0.0127030056340151,0,2417.248389,0,54,13,5,1,-611
82.13393908526164,0,29.62804486650749,0.7442930236158536,3,3097.479303,0,50,14,5,1,-514
23.623718740981552,0,39.32062114644688,0.8928158462393139,4,6215.27275,0,31,15,5,1,-123
26.79596913388127,0,36.24831278126991,0.8143094384356696,2,3434.612875,0,33,16,5,1,-555
43.169543783855005,0,52.0417600635485,0.1979658204471344,4,1106.441844,0,47,17,5,1,-63
66.42078488287518,0,80.28025091429441,0.4085459945427959,1,4961.926429,0,31,18,5,1,89
63.92805769196903,0,93.4975905150872,0.4365747283171824,0,3017.781836,0,28,19,5,1,-104
69.7365837058957,1,88.69300777653869,0.0606580787175166,1,7269.756044,0,26,20,5,1,-115
29.954415691190857,0,80.04805230915319,0.6807024507278588,1,6847.490921,1,36,21,5,1,-405
40.76705710486746,0,29.94382448570909,0.2502495417076394,0,3608.806986,0,36,22,5,1,-517
41.6034180231656,0,76.66755346833324,0.9283678300258028,1,8943.379444,0,46,23,5,1,-318
62.3226204060321,0,13.992854239733145,0.583444051978489,3,1117.747401,0,21,0,6,1,-205
63.67273677953057,0,25.40709003432776,0.0613344408405481,0,7251.703804,0,55,1,6,1,-606
61.30719393260597,1,68.2109237090855,0.0549207662705367,3,1056.301181,0,49,2,6,1,176
48.39383553760389,0,90.241112849999,0.3411741993059584,2,4351.676293,0,59,3,6,1,-272
39.79126316421227,0,61.305263203824566,0.1982310029573655,1,4344.549864,0,37,4,6,1,-59
68.89307695977436,0,27.048521179645565,0.6428698054781727,2,8658.737447,0,41,5,6,1,-151
53.20236312702749,0,93.63150422663162,0.0875897938025913,3,7962.410275,0,36,6,6,1,-226
55.190900489311474,0,64.54504330847351,0.231569054463568,3,8278.713188,0,31,7,6,1,-511
13.492930777205416,0,44.64205124027901,0.9851680064354746,1,6363.937936,0,31,8,6,1,-204
50.21421191817755,0,43.64841566777882,0.4636745848643657,4,6238.20632,0,47,9,6,1,-148
13.34729469050691,0,74.557447229473,0.504880056163423,1,8128.017215,0,41,10,6,1,-216
85.45344521372881,0,99.2662570419234,0.2922638116376208,3,3400.977724,0,33,11,6,1,-470
54.75994303494783,0,33.120350155544095,0.25469490015357,0,2067.485108,0,47,12,6,1,-207
19.9715699068954,0,46.44970143584911,0.4064630622506033,3,3239.35286,0,21,13,6,1,293
33.00075703386983,0,42.5880848294819,0.7644016167901966,4,5168.955419,0,58,14,6,1,320
25.893679758299516,0,95.31018187167908,0.2568756911625081,4,8128.017215,0,41,15,6,1,-216
38.96028129987119,0,92.23840355030256,0.7449073061591452,2,8128.690436,0,36,16,6,1,-385
36.11516422807509,0,76.56333197286463,0.7263191198648619,0,3448.958441,0,18,17,6,1,-624
72.44134982030823,0,61.12091510551122,0.0862754303281585,2,2042.692352,0,50,18,6,1,332
81.243458802052,0,38.33468351103839,0.9293811480336908,3,2706.148888,0,45,19,6,1,353
43.09556665844332,0,96.51324621777358,0.0195120538407248,0,2716.981163,0,25,20,6,1,-45
69.53802387013545,1,76.90995524303871,0.5073313271850892,3,6741.429339,0,27,21,6,1,-253
76.25084286125376,0,30.4380573319735,0.3564044187790941,4,9089.242963,0,25,22,6,1,-36
95.39395604401498,0,12.16277125038851,0.2960004480406217,2,1373.376304,0,38,23,6,1,-533
71.44316987743579,0,57.99855781922004,0.3899029994924227,4,4322.597495,0,33,0,0,1,-526
63.87075935165029,0,76.15460888141862,0.2823530428792715,2,7269.756044,0,26,1,0,1,-115
49.082009832494826,0,11.106739401532922,0.8500925019527288,0,1779.986718,0,53,2,0,1,-73
13.471081558436213,0,12.40996273327013,0.577930207021867,1,1599.229032,0,41,3,0,1,17
50.95738369702053,0,27.67170304346736,0.6427489271442623,3,5745.088291,0,22,4,0,1,-141
97.9655891931388,0,69.57944246923061,0.594546916352256,2,8109.977178,0,26,5,0,1,275
46.614074084703766,1,65.00195680300679,0.8157373271688702,3,4490.14401,0,44,6,0,1,-304
86.76120603804294,0,94.0643129142289,0.9899933425752436,1,9855.674628,0,56,7,0,1,220
31.367785962935866,0,36.44120404880266,0.1853199849565174,0,8411.644416,0,19,8,0,1,-3
60.55966079501921,0,97.62157624586976,0.4138442341141467,4,6595.920889,0,45,9,0,1,-378
44.00389673279336,0,77.84689920910795,0.1560878624122662,0,1308.381737,0,43,10,0,1,-315
50.90991296286472,0,20.579962375247582,0.4673429034772801,1,3069.644637,0,45,11,0,1,-1
23.929025895640848,0,15.170899270569755,0.9012244868765892,4,3525.504348,0,18,12,0,1,168
16.26661103201102,1,34.85659328996145,0.6946340553831687,4,2417.248389,0,54,13,0,1,-611
68.61623599279721,0,97.0631972351069,0.32236076682778,3,4122.163756,0,22,14,0,1,-245
64.23340291981916,0,60.944354325647765,0.5155919425791495,4,2342.87435,0,48,15,0,1,-136
95.16034881867868,0,53.02585061345818,0.2874226541296686,4,3026.374452,0,26,16,0,1,-108
11.131439518619104,0,40.9134351694381,0.2308228829431639,0,9447.729498,0,18,17,0,1,-34
15.699135277903164,0,13.312815054128354,0.9661903841794932,1,2420.838315,1,42,18,0,1,-265
82.22250995908492,0,95.47173527925682,0.2077665521851838,0,1279.671577,0,18,19,0,1,-48
70.34427340238034,0,97.63239089542238,0.2052055583945645,2,3214.341695,0,63,20,0,1,217
99.88740974312738,0,10.190064896318486,0.7890169520191657,4,7308.697302,0,39,21,0,1,83
77.69859250112718,0,86.51605510392154,0.9990473412377048,0,8108.965746,0,27,22,0,1,-156
85.95300105522477,0,59.39017795367924,0.7156775641569315,3,7080.103439,0,27,23,0,1,239
90.13649701316616,0,40.101361191474375,0.539134170201349,2,8801.922036,0,58,0,1,2,240
24.962467028590897,0,77.5959905452458,0.6118703895885295,2,9182.873876,0,53,1,1,2,113
66.2454350634327,0,96.2727880972791,0.1395987802643227,0,8128.017215,0,41,2,1,2,-216
97.69235336466316,0,57.80991603048806,0.1179434994362348,3,9261.10997,0,34,3,1,2,96
62.11099449245757,0,54.84138539417199,0.5101407618329337,0,6987.997844,0,32,4,1,2,-57
48.755442299879846,0,73.48819157040548,0.5221135466386639,2,9246.516979,0,59,5,1,2,-40
26.509028435574177,0,88.53542071627268,0.0848053745836587,2,2152.99219,0,50,6,1,2,-290
88.54379953014886,0,24.625093184285696,0.7579407044283827,3,3367.924924,0,58,7,1,2,222
72.96000414657226,0,71.51465911098049,0.492541900507644,0,4974.254753,0,32,8,1,2,271
78.96614976415842,0,80.6857617424928,0.997038134220019,3,3282.990205,0,30,9,1,2,-212
50.52963956631847,0,75.94134511285523,0.9576313593230374,1,9476.348062,0,25,10,1,2,-155
36.37560297945699,0,17.048149539137263,0.2847932490956639,3,4344.549864,0,37,11,1,2,-59
89.17189488257118,0,66.03157019318301,0.2957088229163976,4,2683.909127,0,38,12,1,2,205
61.919534669867325,0,96.5446629589214,0.6307677188404481,4,6531.558064,0,21,13,1,2,308
60.53439196536471,0,46.7152778572078,0.049006419265388,4,9447.729498,0,18,14,1,2,-34
29.53436473015511,0,72.79316151397185,0.910888179754448,3,8573.123086,0,41,15,1,2,-222
14.120197747692124,0,71.99686279019139,0.5063271158131862,1,3560.170993,0,42,16,1,2,197
22.877015210034777,0,32.8495620151087,0.2804444881424875,2,5960.806053,0,20,17,1,2,-346
79.74901394709434,0,39.01470065288406,0.1228035436550406,1,3493.845421,0,27,18,1,2,-306
58.16222511639744,0,83.35225848934058,0.6784618306069045,3,7524.885685,0,27,19,1,2,202
83.83365836596249,0,41.28986856697706,0.477154970483057,3,4206.19949,0,58,20,1,2,-16
56.62474277547674,0,42.23674080239536,0.3551585213113261,3,3454.648531,0,47,21,1,2,-596
35.74850060274453,0,23.27511907343872,0.7440047927230024,1,2286.281065,0,53,22,1,2,-357
13.93228352088363,0,49.087915137758976,0.7192786882612906,0,3744.641316,0,60,23,1,2,-167
39.16310961804249,0,89.529993047051,0.4301006096246115,4,2341.710682,0,34,0,2,2,-258
66.9648788192244,0,99.37033288544846,0.9259807533038136,1,1776.632987,0,45,1,2,2,-190
72.13300401633145,0,16.878489454627122,0.7333870591504825,0,6683.679293,0,45,2,2,2,-99
56.42487376973606,0,94.50323285575251,0.6688014420321982,1,1736.468439,0,58,3,2,2,274
40.148430428907375,0,59.07500761992237,0.3960797161151779,0,2636.680234,0,30,4,2,2,183
11.02801846763564,0,12.913548214679052,0.8276481023294474,1,8894.834913,0,35,5,2,2,-406
55.29304755520577,0,43.192593645672574,0.6442075669758306,0,7144.298708,0,30,6,2,2,316
37.171320632196114,0,79.07337823944823,0.4921912967224267,2,4309.686015,0,24,7,2,2,-434
38.4598136030812,0,71.69931106137966,0.4659195208102579,4,9447.919781,0,28,8,2,2,-250
53.63922443580429,0,19.03940300928989,0.1826858815607785,2,6791.878056,0,23,9,2,2,-437
86.04909239430734,0,55.01117083862846,0.5746428739524295,2,4853.02438,0,42,10,2,2,-635
37.21490182370482,0,89.49786591397454,0.3170494174588841,4,5923.741951,0,50,11,2,2,307
44.5079341726125,0,92.16109624250274,0.7477637078045679,4,3302.010949,1,33,12,2,2,-313
33.63646677492327,0,34.29515278268709,0.8260131873274161,0,3026.374452,0,26,13,2,2,-108
72.3836349025095,0,37.16365297466328,0.8460932128749881,0,1362.037375,0,18,14,2,2,-368
24.99217212263321,0,27.19986016365496,0.2830155776097416,1,7708.879304,0,54,15,2,2,-284
93.97476921734388,0,56.01392029651868,0.976224191851543,0,4318.580359,0,19,16,2,2,-135
27.48195585196696,0,93.71489242553008,0.2658286490724965,2,3069.644637,0,45,17,2,2,-1
33.670626213973335,0,87.3754439319368,0.0309210414925036,0,9507.27206,0,54,18,2,2,364
75.52415113014018,0,29.47028571189344,0.0033732513696403,3,6658.952162,0,51,19,2,2,-621
69.45279091816774,0,56.82490015017458,0.9531904193640452,0,1097.423046,0,44,20,2,2,-556
57.999821069456985,0,39.55877452481431,0.4246326707976273,2,7507.00576,0,43,21,2,2,-443
27.036676505451872,0,18.519178096973437,0.9771645402786412,4,4370.431522,0,37,22,2,2,-138
72.01022436079609,0,26.457402340765253,0.927048823145471,3,5179.000965,0,21,23,2,2,348
53.9678523381814,0,28.60155804491957,0.6572329318018019,1,6831.410409,0,64,0,3,2,170
50.2358498879414,1,11.829614712094427,0.1753779688016769,2,2394.859954,0,48,1,3,2,-585
91.2293600351788,0,97.84664625963768,0.5583915059974431,2,9911.337339,0,55,2,3,2,-308
25.97000920702483,0,45.30356510491345,0.680606073204976,4,4034.139089,0,28,3,3,2,-163
58.46823104325883,0,60.42601383906089,0.1633652686292824,1,7269.756044,0,26,4,3,2,-115
71.40047986174835,0,95.8606427114737,0.2188728737348473,4,8894.834913,0,35,5,3,2,-406
23.095075391859403,0,63.724316303614216,0.3935290820294265,1,4096.117607,0,35,6,3,2,-302
74.2479445014433,0,69.16240570091188,0.96682482824782,0,8687.343482,0,33,7,3,2,-64
56.11778886499002,0,33.89671189096964,0.3569245016474663,0,7273.982376,0,55,8,3,2,213
37.101099109357335,0,97.20580783500826,0.4077484944528583,2,1362.037375,0,18,9,3,2,-368
53.258294604800966,0,66.58636376896106,0.979642138760861,2,7120.616916,0,61,10,3,2,92
86.57748678092385,0,60.67641343107672,0.8826987779429258,1,7872.506549,0,37,11,3,2,-150
34.78006778134278,0,56.25388641737121,0.1824225380246447,0,7376.854107,0,57,12,3,2,-634
10.006932562275091,0,18.325196086405228,0.5193765475390857,2,2169.425935,0,60,13,3,2,281
51.93353981623281,0,23.79471541177682,0.8243761263303714,3,8723.861427,0,46,14,3,2,121
49.044804955239904,0,79.62596149256132,0.960153789325828,2,5611.751691,0,21,15,3,2,-257
98.18303499459222,0,38.123213241373776,0.6272427759643715,0,2146.026721,0,50,16,3,2,188
31.85157143386876,0,36.35341931075458,0.65710728052199,3,3583.382688,0,21,17,3,2,102
76.74537670541186,0,28.043435689884888,0.0009299605160747,4,2462.046546,0,51,18,3,2,-579
28.032461086960588,0,70.13933848790711,0.8501194947368206,1,1069.843868,0,28,19,3,2,-54
68.65040463700079,0,68.2770779215993,0.0354316371018104,0,5724.611458,0,19,20,3,2,-53
38.08086935820676,0,91.02483757133156,0.4153426330740017,3,9517.546957,0,34,21,3,2,-404
94.63416453223545,0,82.09475889297713,0.1044047171429316,0,3507.492645,0,46,22,3,2,309
26.521145389628145,0,54.40216527038892,0.2092455772460167,1,2652.931615,0,60,23,3,2,-559
80.66698444089012,0,69.66634403054752,0.3308301186802225,4,4853.02438,0,42,0,4,2,-635
69.49314651509769,0,63.54074746863322,0.5191302950520944,0,8695.442858,0,33,1,4,2,-478
80.55842031263705,0,14.932056074403537,0.0202296675933418,3,4443.037377,0,62,2,4,2,37
67.21601847741414,0,69.39128877125968,0.6054059299804421,1,3017.781836,0,28,3,4,2,-104
89.81374721715743,0,43.32508085628091,0.9955617683625664,3,8077.123546,0,41,4,4,2,-260
41.34483461775976,0,57.13472111749898,0.0180946733336785,0,6060.940447,0,46,5,4,2,-534
61.03550802501376,0,47.2414611155676,0.5656573327546037,2,9960.172528,0,57,6,4,2,-489
39.79553881400214,0,16.888915653236943,0.7562913910526488,3,7484.040653,0,28,7,4,2,-322
68.42739649280826,0,94.09371961842828,0.8327880836289765,2,4220.470749,0,60,8,4,2,-184
15.832750400060416,0,37.05749100515232,0.3278968326325157,2,2711.23292,0,48,9,4,2,-616
51.66428111808683,0,25.154533470403976,0.3941346162782865,1,3272.30647,0,61,10,4,2,-626
32.965557871667784,0,20.44550277441141,0.8399775473125765,1,3715.769255,0,31,11,4,2,-411
98.14338652516008,0,50.962743690088445,0.8382780328798196,4,8921.442888,0,33,12,4,2,-200
88.88926748040059,0,90.8661766306865,0.8582708093099641,0,6658.952162,0,51,13,4,2,-621
29.627393510330677,0,62.39898005063935,0.7058406455696082,1,5707.424545,0,37,14,4,2,160
85.29801409198318,0,72.6612656118155,0.7315831870860663,0,4698.084284,0,61,15,4,2,210
73.29570994113007,0,71.52131228586501,0.6168347773092807,1,5042.199848,0,22,16,4,2,88
38.981553666269264,0,97.8574375634752,0.8906371648924568,1,9253.478917,0,25,17,4,2,54
43.95689754114726,0,42.201477211794696,0.6734393772842932,2,4370.431522,0,37,18,4,2,-138
63.40605444348808,0,29.359450963182923,0.7075110007403849,3,4620.924284,0,30,19,4,2,314
80.56230250293223,0,99.6010348998968,0.4974783808458732,3,4552.105269,0,47,20,4,2,233
49.18725137575288,0,54.449253230776144,0.3380502238937989,3,8326.149989,0,58,21,4,2,-286
36.485674691227736,0,61.48927775680958,0.4176020357646357,3,6141.103291,0,27,22,4,2,-379
42.72787792971032,0,30.30344305893079,0.9500897809185442,4,2479.274894,0,41,23,4,2,-214
99.57766068025052,0,73.37717496183645,0.0747855233784414,0,4904.703903,0,25,0,5,2,-21
41.8227353715044,0,97.90502270872146,0.1696831797286961,0,1364.637918,0,28,1,5,2,69
24.13577782207831,0,83.72095785936338,0.1773230833727871,4,2989.819267,0,46,2,5,2,-127
75.26952467331752,0,24.669405289949207,0.4452205760323857,2,9025.611519,0,56,3,5,2,-125
30.65716065461832,0,20.48436998373161,0.4889847894407939,0,1097.423046,0,44,4,5,2,-556
72.44945048279237,0,34.096381407324444,0.0579991649129523,3,8742.259086,0,57,5,5,2,-282
80.23266191446132,0,81.29798912170817,0.0593334235212104,1,7478.912108,0,23,6,5,2,177
91.47555974162536,1,85.33863254072617,0.8897842797188479,4,8044.236478,0,22,7,5,2,312
81.16725920824848,0,94.5413803098749,0.1247043560682344,4,8478.783502,0,33,8,5,2,-89
63.46015786810301,0,47.56468631165909,0.8581342038070707,3,7732.131278,0,33,9,5,2,-232
29.905949214574097,0,67.1044858578078,0.2945072141886865,2,6608.386988,0,33,10,5,2,-394
64.40294608397701,0,26.99668374959913,0.3808382363597588,3,7927.594272,0,44,11,5,2,9
59.66022515081108,0,29.504580881467724,0.1283184045224797,0,2652.931615,0,60,12,5,2,-559
66.52474028496395,0,32.49797872494389,0.1946960489398977,2,7732.401837,0,41,13,5,2,-469
59.56766600854584,0,71.47864756056055,0.5940516898974921,2,5493.960539,0,20,14,5,2,189
77.92991329715457,0,41.56673287279271,0.9434825580235258,4,2398.035019,0,58,15,5,2,-186
61.688816522872656,0,17.16863837676198,0.9802705624970834,0,1662.330384,0,56,16,5,2,-569
64.08704501443339,0,93.55867375392955,0.7394109431941214,0,8351.891277,0,24,17,5,2,175
42.16185142416847,0,47.28329322709119,0.7388569174176827,1,7509.571038,0,44,18,5,2,-615
14.377501183070512,0,78.78711195110192,0.8305286093856156,3,9411.508717,0,29,19,5,2,43
80.206153862561,0,13.513241492947762,0.2445055947590901,4,5112.344414,0,29,20,5,2,-400
80.41574164113865,0,78.35691364656418,0.2645489490419127,4,5095.375076,0,37,21,5,2,-188
36.9087392976182,0,61.20774772827271,0.7027975445797655,3,3367.924924,0,58,22,5,2,222
29.080894938055295,0,16.135283289455028,0.5675590106862017,2,4061.519364,0,42,23,5,2,-344
19.35157808170657,0,66.87343909377753,0.5795883400986052,1,5856.062362,0,18,0,6,2,-474
34.44668007158171,0,42.57270708499616,0.1290055257416732,1,5944.205812,0,26,1,6,2,116
81.41515284943999,0,96.7957398517478,0.8069617907713429,4,7899.461183,0,21,2,6,2,237
27.450619758180107,0,49.86699032460815,0.7508760418949948,3,7980.849544,0,32,3,6,2,254
65.70225812625743,0,60.70980509916768,0.5577243948327285,3,5626.572877,0,48,4,6,2,-291
50.70097741774521,0,42.585613829081865,0.1124268717393868,1,6484.647812,0,28,5,6,2,-449
50.243254577059886,0,71.62189340616376,0.9506164401390956,3,3238.184097,0,47,6,6,2,-28
21.1458547206259,0,16.195300039458296,0.7621440651792837,3,3434.612875,0,33,7,6,2,-555
16.43832083940835,0,52.16739126943224,0.5119893821825897,3,6148.870554,0,35,8,6,2,280
70.30126731068788,0,58.75964999870469,0.3382238586220067,0,9974.701765,0,55,9,6,2,153
94.24651183536184,0,32.51857696682872,0.7526778251910219,0,2877.527131,0,30,10,6,2,-343
64.08879961517923,0,41.01302588371839,0.2004818299751006,4,7381.246492,0,37,11,6,2,-552
77.26384488888628,0,62.539239518004656,0.1394057417340821,1,5745.127919,0,53,12,6,2,-11
40.31214229035872,0,50.916657326435946,0.8480260322336391,1,1236.384946,0,20,13,6,2,-130
84.55259193533934,0,44.37912363990471,0.3340527927774718,0,2341.710682,0,34,14,6,2,-258
95.2301527805285,0,11.920076798012518,0.5847187482767527,3,7025.452027,0,40,15,6,2,-58
50.83496652230644,0,23.55967783056922,0.4985941139851815,2,1165.433335,0,64,16,6,2,-139
84.60060342839287,0,41.93851846994259,0.5006842161098343,0,9122.32624,0,24,17,6,2,-206
63.53186105836484,0,12.845188225582884,0.4271786330249961,3,6284.739666,0,56,18,6,2,-41
66.26626490693305,0,82.00296267743329,0.1911507639027172,0,1670.49309,0,23,19,6,2,-339
23.44981815960602,0,11.021979773713175,0.0530307305584982,1,9316.953576,0,39,20,6,2,155
90.06115336349863,0,71.62684127137953,0.8190407722612534,3,9713.657683,0,26,21,6,2,-456
25.527990197551134,0,30.63373778627032,0.7558510970167627,1,8645.383186,0,59,22,6,2,185
74.06906245975239,0,10.249793705637137,0.2771917261272317,4,6991.289067,0,55,23,6,2,-68
26.68493172269836,0,31.964825164066426,0.0141213626112681,3,9352.655675,0,60,0,0,2,-563
87.17606804177909,0,30.104703859736155,0.5086217139056916,4,8161.50984,0,47,1,0,2,-541
88.07345453811928,0,11.704441752467348,0.6491890304997459,3,8928.443453,0,48,2,0,2,-168
98.2927232923352,0,13.11547361456208,0.8999266453893355,2,6089.047769,0,47,3,0,2,-326
31.218274539629405,0,87.6023926816555,0.042641379008624,4,5564.493481,0,38,4,0,2,46
84.71865132912392,0,74.26828330854329,0.2290484195556313,3,8546.33285,0,55,5,0,2,-179
53.68389808508408,0,90.42202596823398,0.0408171650797212,0,2869.689912,0,50,6,0,2,-587
23.030133714144085,0,36.79368847877865,0.7061256485681822,3,1815.834407,0,61,7,0,2,-24
63.498140700143466,0,58.27148018561604,0.9371213001718842,1,7144.298708,0,30,8,0,2,316
87.34495106429543,0,47.63784703300799,0.2502910062027869,4,2653.251468,0,42,9,0,2,-390
15.900151898696164,0,54.72042684932479,0.5482051084832837,0,3447.117414,0,62,10,0,2,-173
36.87927531010898,0,56.47276106809286,0.0319332805139734,3,4344.549864,0,37,11,0,2,-59
13.846819533581574,0,41.83416130455339,0.7167986698636748,4,4886.010825,0,54,12,0,2,-460
11.657828888394429,0,30.289026859636607,0.5242169779323402,4,8523.485163,0,33,13,0,2,-631
21.21036641616177,0,89.95161364321649,0.2584381475110235,4,3272.30647,0,61,14,0,2,-626
45.76941000334883,0,12.910796726521616,0.4300355943135006,1,2351.049693,0,51,15,0,2,140
64.09589461181153,0,98.2408375996488,0.4777419058693507,4,9411.508717,0,29,16,0,2,43
90.38789073571203,0,34.79164660531628,0.4035529825012005,3,8295.281558,0,60,17,0,2,85
61.9468343699687,0,64.32983326370797,0.6774998755093605,1,3443.913149,0,22,18,0,2,-567
21.0074016493607,1,21.47375304302289,0.2049893811906921,1,4053.590461,0,55,19,0,2,-627
73.55606662201993,0,38.69211116438761,0.4496166799568124,4,1150.295949,0,53,20,0,2,-230
32.2318769063642,0,93.8965471058002,0.6610513893555724,0,9343.248065,1,59,21,0,2,137
44.88713449114011,0,83.78950268867644,0.7560285737450182,3,9631.517578,0,62,22,0,2,61
38.39225462332512,0,17.616997984209416,0.991923320101168,2,1098.721299,0,44,23,0,2,-382
94.5872061148643,0,20.113734295878714,0.5601138232306296,3,5098.858759,0,45,0,1,2,166
96.52314248884213,0,94.93170387030288,0.856704244071713,2,5359.74781,0,32,1,1,2,356
81.69738902734242,0,27.586574483547917,0.2709095960651473,0,6764.941455,0,35,2,1,2,138
56.376547151977306,0,48.32297180233819,0.4528922347432437,2,4572.646873,0,41,3,1,2,31
80.90963279805126,0,97.59327634080483,0.86676521291186,2,2152.99219,0,50,4,1,2,-290
23.12363510526152,0,71.52949764480569,0.8719082869819983,4,5765.640647,0,32,5,1,2,123
76.7037658134944,0,48.46699759690941,0.092037327296395,3,7321.062182,0,29,6,1,2,229
67.97359142174959,0,36.18524095237869,0.7573364910544071,2,3789.361177,0,57,7,1,2,223
45.84978420861537,0,36.53471969141,0.6521879103565174,2,3101.509134,0,30,8,1,2,361
53.520423375763215,0,54.03186091591388,0.0538861021795162,2,4152.721122,0,60,9,1,2,-241
52.160534543489405,0,21.36611514974726,0.9494127546761172,2,1795.328227,0,40,10,1,2,341
12.957371513455186,0,52.9067346483392,0.3105800165042927,3,6631.372808,0,58,11,1,2,-435
77.5892520491586,0,11.443127474715745,0.2606398456693745,4,9121.230251,0,38,12,1,2,305
97.5841046288916,0,28.85792787960729,0.3632136317624784,1,9674.062164,0,36,13,1,2,-301
93.186765046662,1,49.87894110780856,0.6179153511305893,1,4115.718544,0,48,14,1,2,200
75.05441065286574,0,19.236338548138068,0.2432574499650226,1,4552.105269,0,47,15,1,2,233
26.606352840247457,1,17.060490894266653,0.2352320511548524,1,3532.245916,0,35,16,1,2,-386
19.534609879795333,0,49.677028354486666,0.4296437730502268,4,2045.057996,0,20,17,1,2,-149
63.74348565655637,0,77.30669853816907,0.8347683490609425,2,1549.51786,0,26,18,1,2,-420
84.99494585391481,0,24.659369987938287,0.7803803912579997,4,1941.726463,0,27,19,1,2,-436
43.31408994984277,0,29.3985429532272,0.719368166041893,2,8773.95694,1,63,20,1,2,35
59.64679754482704,0,37.06997240789393,0.6985546855885032,0,1511.707946,0,38,21,1,2,277
67.6345414499013,0,44.21692274406343,0.5437140816653593,3,4634.373036,0,39,22,1,2,-340
43.18297705942081,0,59.62542233513079,0.1472954822049518,3,6506.933648,0,44,23,1,2,-293
88.20869587689056,0,63.05006360901799,0.2828338638670756,4,1512.263353,0,19,0,2,2,-153
50.36171009890702,0,56.52607726320148,0.662685734015089,4,6496.108704,0,41,1,2,2,234
88.99270050806099,0,81.48455822676858,0.8366503058153224,4,2076.807796,0,26,2,2,2,-117
74.0970689078747,0,97.63612941530968,0.9837436832634588,1,8658.737447,0,41,3,2,2,-151
13.844857117841546,0,93.3830334942078,0.0510733055658789,4,5923.741951,0,50,4,2,2,307
12.611478926976906,0,54.02493330013226,0.7187946248769317,2,3431.939718,0,49,5,2,2,15
34.06316109206354,0,53.34806403438312,0.903843130556986,3,8793.538025,0,18,6,2,2,133
35.85949743054377,0,39.33289839154256,0.7411826706570788,3,5544.569289,0,48,7,2,2,211
42.60535294784076,0,58.05162091309303,0.6185239469195336,3,9922.291973,0,27,8,2,2,351
48.2268648362713,1,82.69123550239847,0.3022555946916622,2,3026.374452,0,26,9,2,2,-108
15.061303969882118,0,59.25107738424546,0.8313888508428988,1,6148.870554,0,35,10,2,2,280
60.222509912044046,0,92.95859135600308,0.3050601812980062,0,5248.6945,0,29,11,2,2,-414
71.16993370893385,0,32.04225945579654,0.75909910749829,4,7251.703804,0,55,12,2,2,-606
79.37427413633232,0,95.26787369146018,0.0777500991231449,1,6746.98879,0,45,13,2,2,241
68.36620472188787,0,44.91112749585823,0.3714815316000812,2,3281.337532,0,31,14,2,2,-203
73.97469114745326,0,80.34022583092302,0.9136424000128052,1,3012.905946,0,29,15,2,2,282
61.19374615765196,0,75.35372119726676,0.4290793931222515,2,5038.910017,0,63,16,2,2,227
98.30041035340705,0,66.39384639717704,0.4688318910094555,2,9839.150446,0,51,17,2,2,-577
57.99495371278119,0,27.92819881920769,0.4156354887421412,1,6484.647812,0,28,18,2,2,-449
22.090776401179784,1,45.13889006965265,0.1057187708004696,2,3760.16148,0,29,19,2,2,-227
13.131711320985104,0,44.27028066955624,0.6030675005883553,1,7264.807041,0,52,20,2,2,20
82.00241852701163,0,54.94891695192088,0.410923840158629,4,7794.946322,0,33,21,2,2,257
31.808666818145923,0,42.91180927061685,0.892658062596063,4,9519.477122,0,61,22,2,2,328
18.212010934779613,0,79.81674716429508,0.798681215110074,2,1787.742772,0,58,23,2,2,-383
79.19729957287116,0,66.70610473254715,0.7805883107616539,2,6370.257414,0,35,0,3,2,-537
10.661651267084997,0,79.43424822006767,0.1792675798491805,0,7080.222039,0,21,1,3,2,-560
39.41846624095393,0,69.98428539424151,0.5124385762914143,3,6453.022256,0,57,2,3,2,-266
14.572576131898854,0,85.37776737167682,0.1847927976811938,0,6381.958128,0,19,3,3,2,-2
66.38073201509731,0,21.065222532351072,0.4478635279559976,4,4571.53944,0,29,4,3,2,-213
59.029280852582886,0,77.587190675629,0.893001725079941,1,7244.499732,0,50,5,3,2,-336
29.363762180061297,0,82.84786408364808,0.0185426875286532,2,3392.42572,0,55,6,3,2,-263
38.67638285599344,0,72.92707380065482,0.8729085939754808,2,5745.127919,0,53,7,3,2,-11
70.84179380147489,0,81.37222789945675,0.7906971581139471,4,7417.757201,0,63,8,3,2,-625
96.10935116192007,0,98.2452759822024,0.9433765426004752,1,6303.22948,0,18,9,3,2,-586
80.55756596081288,0,33.98956472024298,0.8952480163358687,2,3104.942852,0,29,10,3,2,-146
60.98276949454476,0,48.3009931012414,0.6371430223864262,3,5084.274001,0,22,11,3,2,321
40.39032929213584,0,14.161746815133736,0.3994497415416771,0,4915.427164,0,34,12,3,2,-296
85.88659811810663,0,39.954165552392894,0.9163748915478472,1,9393.910943,0,31,13,3,2,76
24.179380831671477,0,97.16291515311428,0.1860753622628134,0,6709.75911,0,35,14,3,2,-422
22.628164738064527,0,40.97998259035188,0.327591018798574,2,9674.062164,0,36,15,3,2,-301
68.46708138536229,0,15.910489203653048,0.6133713544637315,4,7795.585807,0,26,16,3,2,212
41.61384354634974,0,27.01624975483371,0.5632794636722344,1,1611.538315,0,24,17,3,2,310
52.33810790461614,0,79.72344815204072,0.0391697034094615,2,3552.855147,0,55,18,3,2,345
59.3088667897494,0,36.021251919124495,0.507260689735162,4,6341.743797,0,41,19,3,2,-56
50.18606437061031,0,44.54646421771303,0.722522347875597,4,3767.557888,0,54,20,3,2,335
15.880654301311733,0,34.063690295531494,0.9103350521675434,0,7409.497597,0,54,21,3,2,-412
93.2069229574343,0,53.54585895379297,0.349553021657929,3,2342.87435,0,48,22,3,2,-136
49.45007181617836,0,34.489507270956565,0.1693979401866958,1,6010.648922,0,55,23,3,2,-519
87.01161858917399,0,99.52235672534624,0.8589599696724031,1,5588.049942,0,33,0,4,2,-431
29.32881528535313,0,89.97236175842225,0.28560287194158,2,1678.514968,0,45,1,4,2,-341
90.00558943683018,0,40.347012916706845,0.2810849871880284,0,8228.897853,0,38,2,4,2,127
86.31758256679817,0,41.873839670799214,0.7347183554671533,4,5741.223579,0,27,3,4,2,-572
20.443810594610373,0,17.84848107618984,0.0295433289723273,0,6018.443647,0,26,4,4,2,53
64.6020311134568,0,49.133992181918366,0.8800782523307565,4,1150.295949,0,53,5,4,2,-230
37.54797796124622,0,27.2944913550858,0.6457439079137509,3,9121.230251,0,38,6,4,2,305
41.35252404135755,0,49.40930847785879,0.5903632295148155,4,9674.062164,0,36,7,4,2,-301
31.145356675220096,0,20.87510265754165,0.2937006794394121,0,8553.037244,0,35,8,4,2,-330
95.9649600417467,0,99.4767532307276,0.5084524017969126,0,7347.086687,0,34,9,4,2,242
69.01355852338624,0,42.291259375718425,0.7280154874196471,1,4886.010825,0,54,10,4,2,-460
19.87674987658153,0,89.45705885174841,0.2667784305131216,0,1290.323059,0,19,11,4,2,-46
96.29979162337555,0,47.95802957303573,0.5124833984542169,3,7067.831609,0,39,12,4,2,-201
75.16445866811671,0,64.21004551176182,0.3677402114526512,0,9088.738359,0,51,13,4,2,-289
93.63304034468202,0,64.68416731379715,0.9603636004427584,4,9352.655675,0,60,14,4,2,-563
89.91562519415352,0,97.44012749779932,0.3112237592492107,2,4370.431522,0,37,15,4,2,-138
